author_id,normalized_name,splitted_first_name,author_link,identified_gender
2306222705,a v goltsev,a,https://academic.microsoft.com/author/2306222705/publication/,male
2710718375,j f f mendes,j,https://academic.microsoft.com/author/2710718375/publication/,male
2394749673,m e j newman,m,https://academic.microsoft.com/author/2394749673/publication/,male
2542692433,s n dorogovtsev,s,https://academic.microsoft.com/author/2542692433/publication/,male
2257997862,w t tutte,w,https://academic.microsoft.com/author/2257997862/publication/,male
2092142020,ha hoang,ha,https://academic.microsoft.com/author/2092142020/publication/,male
2312484960,jo brown,jo,https://academic.microsoft.com/author/2312484960/publication/,male
2912299321,jp onnela,jp,https://academic.microsoft.com/author/2912299321/publication/,male
2631872870,ake j holmgren,ake,https://academic.microsoft.com/author/2631872870/publication/,male
341688178,ali jadbabaie,ali,https://academic.microsoft.com/author/341688178/publication/,male
2166435812,ben y zhao,ben,https://academic.microsoft.com/author/2166435812/publication/,male
668764113,ben shneiderman,ben,https://academic.microsoft.com/author/668764113/publication/,male
2100860776,duo zhang,duo,https://academic.microsoft.com/author/2100860776/publication/,male
2145026360,fan r k chung,fan,https://academic.microsoft.com/author/2145026360/publication/,male
2656995071,hao ma,hao,https://academic.microsoft.com/author/2656995071/publication/,male
2102399848,ian wilkinson,ian,https://academic.microsoft.com/author/2102399848/publication/,male
967816195,ian brissette,ian,https://academic.microsoft.com/author/967816195/publication/,male
2124123939,jay yellen,jay,https://academic.microsoft.com/author/2124123939/publication/,male
2158012360,jie tang,jie,https://academic.microsoft.com/author/2158012360/publication/,male
2630160815,jie lin,jie,https://academic.microsoft.com/author/2630160815/publication/,male
2103022394,jie wu,jie,https://academic.microsoft.com/author/2103022394/publication/,male
2261367123,jon m kleinberg,jon,https://academic.microsoft.com/author/2261367123/publication/,male
2169727520,jon norberg,jon,https://academic.microsoft.com/author/2169727520/publication/,male
2421657768,jun dong,jun,https://academic.microsoft.com/author/2421657768/publication/,male
2650521881,jun zhang,jun,https://academic.microsoft.com/author/2650521881/publication/,male
2571140389,ken a smith,ken,https://academic.microsoft.com/author/2571140389/publication/,male
2011148271,ken t d eames,ken,https://academic.microsoft.com/author/2011148271/publication/,male
2569376642,leo breiman,leo,https://academic.microsoft.com/author/2569376642/publication/,male
2125030531,leo grady,leo,https://academic.microsoft.com/author/2125030531/publication/,male
2012482624,lev muchnik,lev,https://academic.microsoft.com/author/2012482624/publication/,male
2200912411,max weber,max,https://academic.microsoft.com/author/2200912411/publication/,male
2891979224,max weber,max,https://academic.microsoft.com/author/2891979224/publication/,male
2166051365,neo d martinez,neo,https://academic.microsoft.com/author/2166051365/publication/,male
2161165944,per hage,per,https://academic.microsoft.com/author/2161165944/publication/,male
2116515527,per olsson,per,https://academic.microsoft.com/author/2116515527/publication/,male
2485322213,ray reagans,ray,https://academic.microsoft.com/author/2485322213/publication/,male
2093688085,rob kling,rob,https://academic.microsoft.com/author/2093688085/publication/,male
2120439602,rob cross,rob,https://academic.microsoft.com/author/2120439602/publication/,male
419511944,ron boschma,ron,https://academic.microsoft.com/author/419511944/publication/,male
2200137649,ron milo,ron,https://academic.microsoft.com/author/2200137649/publication/,male
2097180423,roy f baumeister,roy,https://academic.microsoft.com/author/2097180423/publication/,male
1977040039,roy haggerty,roy,https://academic.microsoft.com/author/1977040039/publication/,male
2148854578,roy rada,roy,https://academic.microsoft.com/author/2148854578/publication/,male
2081760096,roy levien,roy,https://academic.microsoft.com/author/2081760096/publication/,male
90469688,roy d pea,roy,https://academic.microsoft.com/author/90469688/publication/,male
2466761586,rui mendes,rui,https://academic.microsoft.com/author/2466761586/publication/,male
2422184792,tao zhou,tao,https://academic.microsoft.com/author/2422184792/publication/,male
2444126633,ted g lewis,ted,https://academic.microsoft.com/author/2444126633/publication/,male
2558876329,tim rowley,tim,https://academic.microsoft.com/author/2558876329/publication/,male
2066282134,tim finin,tim,https://academic.microsoft.com/author/2066282134/publication/,male
369089569,tom a b snijders,tom,https://academic.microsoft.com/author/369089569/publication/,male
2046927040,uri alon,uri,https://academic.microsoft.com/author/2046927040/publication/,male
1965588777,urs braun,urs,https://academic.microsoft.com/author/1965588777/publication/,male
2305700049,uwe hobohm,uwe,https://academic.microsoft.com/author/2305700049/publication/,male
1991290014,van j wedeen,van,https://academic.microsoft.com/author/1991290014/publication/,male
2157918172,wei ren,wei,https://academic.microsoft.com/author/2157918172/publication/,male
2394571040,wei ni,wei,https://academic.microsoft.com/author/2394571040/publication/,male
2555314242,wmp wil van der aalst,wmp,https://academic.microsoft.com/author/2555314242/publication/,male
2703292142,xun li,xun,https://academic.microsoft.com/author/2703292142/publication/,male
2636163417,ajay mehra,ajay,https://academic.microsoft.com/author/2636163417/publication/,male
2255663429,ajit singh,ajit,https://academic.microsoft.com/author/2255663429/publication/,male
2777125671,alan c evans,alan,https://academic.microsoft.com/author/2777125671/publication/,male
2168625971,alan shiell,alan,https://academic.microsoft.com/author/2168625971/publication/,male
2193284825,alan s perelson,alan,https://academic.microsoft.com/author/2193284825/publication/,male
2015972736,alan mislove,alan,https://academic.microsoft.com/author/2015972736/publication/,male
2157809153,alex arenas,alex,https://academic.microsoft.com/author/2157809153/publication/,male
2074339028,alex fornito,alex,https://academic.microsoft.com/author/2074339028/publication/,male
2136582299,anil k seth,anil,https://academic.microsoft.com/author/2136582299/publication/,male
1538394340,aric hagberg,aric,https://academic.microsoft.com/author/1538394340/publication/,male
2222907328,axel schafer,axel,https://academic.microsoft.com/author/2222907328/publication/,male
301106008,bent flyvbjerg,bent,https://academic.microsoft.com/author/301106008/publication/,male
2102240352,beom jun kim,beom,https://academic.microsoft.com/author/2102240352/publication/,male
2785343825,bing liu,bing,https://academic.microsoft.com/author/2785343825/publication/,male
2168090886,brad h mcrae,brad,https://academic.microsoft.com/author/2168090886/publication/,male
2127341518,carl t bergstrom,carl,https://academic.microsoft.com/author/2127341518/publication/,male
2344016581,carl folke,carl,https://academic.microsoft.com/author/2344016581/publication/,male
2100498378,chip elliott,chip,https://academic.microsoft.com/author/2100498378/publication/,male
2253963398,dean a shepherd,dean,https://academic.microsoft.com/author/2253963398/publication/,male
2209426836,dean lusher,dean,https://academic.microsoft.com/author/2209426836/publication/,male
2157757235,dean l urban,dean,https://academic.microsoft.com/author/2157757235/publication/,male
2141500565,deng cai,deng,https://academic.microsoft.com/author/2141500565/publication/,male
2425744831,dong xu,dong,https://academic.microsoft.com/author/2425744831/publication/,male
2070965055,eran toch,eran,https://academic.microsoft.com/author/2070965055/publication/,male
274731230,eric d kolaczyk,eric,https://academic.microsoft.com/author/274731230/publication/,male
2227797470,eric pinson,eric,https://academic.microsoft.com/author/2227797470/publication/,male
1264307526,eric a treml,eric,https://academic.microsoft.com/author/1264307526/publication/,male
2620706523,eric w k tsang,eric,https://academic.microsoft.com/author/2620706523/publication/,male
1968209981,erik brynjolfsson,erik,https://academic.microsoft.com/author/1968209981/publication/,male
2102732916,evan h campbell grant,evan,https://academic.microsoft.com/author/2102732916/publication/,male
2096675187,ezra w zuckerman,ezra,https://academic.microsoft.com/author/2096675187/publication/,male
2099351547,fred buckley,fred,https://academic.microsoft.com/author/2099351547/publication/,male
2138467178,hajo a reijers,hajo,https://academic.microsoft.com/author/2138467178/publication/,male
2008075735,hans meinhardt,hans,https://academic.microsoft.com/author/2008075735/publication/,male
363191356,henk w berendse,henk,https://academic.microsoft.com/author/363191356/publication/,male
2122391114,huan liu,huan,https://academic.microsoft.com/author/2122391114/publication/,male
1833804002,imre derenyi,imre,https://academic.microsoft.com/author/1833804002/publication/,male
1887834771,jaap c reijneveld,jaap,https://academic.microsoft.com/author/1887834771/publication/,male
710833904,jari saramaki,jari,https://academic.microsoft.com/author/710833904/publication/,male
2156066232,jens krause,jens,https://academic.microsoft.com/author/2156066232/publication/,male
2126330539,jian pei,jian,https://academic.microsoft.com/author/2126330539/publication/,male
2096344980,joel bernstein,joel,https://academic.microsoft.com/author/2096344980/publication/,male
2764735131,john law,john,https://academic.microsoft.com/author/2764735131/publication/,male
2126099518,john w mitchell,john,https://academic.microsoft.com/author/2126099518/publication/,male
2101777055,john j tyson,john,https://academic.microsoft.com/author/2101777055/publication/,male
2110352321,john thibaut,john,https://academic.microsoft.com/author/2110352321/publication/,male
1574193856,john c paolillo,john,https://academic.microsoft.com/author/1574193856/publication/,male
2161915041,john coleman,john,https://academic.microsoft.com/author/2161915041/publication/,male
597627890,john p ulhoi,john,https://academic.microsoft.com/author/597627890/publication/,male
2689133139,john seely brown,john,https://academic.microsoft.com/author/2689133139/publication/,male
2766329864,john short,john,https://academic.microsoft.com/author/2766329864/publication/,male
2143987510,john c doyle,john,https://academic.microsoft.com/author/2143987510/publication/,male
2105918681,john s selker,john,https://academic.microsoft.com/author/2105918681/publication/,male
2166937360,john watson,john,https://academic.microsoft.com/author/2166937360/publication/,male
670901035,john skvoretz,john,https://academic.microsoft.com/author/670901035/publication/,male
2785026101,john scott,john,https://academic.microsoft.com/author/2785026101/publication/,male
2907059252,john d teasdale,john,https://academic.microsoft.com/author/2907059252/publication/,male
2119871048,john c macdonald,john,https://academic.microsoft.com/author/2119871048/publication/,male
2107451820,john seely brown,john,https://academic.microsoft.com/author/2107451820/publication/,male
2474030854,john suckling,john,https://academic.microsoft.com/author/2474030854/publication/,male
2038891902,joop koppenjan,joop,https://academic.microsoft.com/author/2038891902/publication/,male
2110723587,jose duato,jose,https://academic.microsoft.com/author/2110723587/publication/,male
1987934814,juan alberto rodriguezvelazquez,juan,https://academic.microsoft.com/author/1987934814/publication/,male
1878631932,jure leskovec,jure,https://academic.microsoft.com/author/1878631932/publication/,male
1980542405,karl e bauman,karl,https://academic.microsoft.com/author/1980542405/publication/,male
571282587,karl e weick,karl,https://academic.microsoft.com/author/571282587/publication/,male
2045864003,karl j friston,karl,https://academic.microsoft.com/author/2045864003/publication/,male
1866249392,kurt lewin,kurt,https://academic.microsoft.com/author/1866249392/publication/,male
2079032315,kurt konolige,kurt,https://academic.microsoft.com/author/2079032315/publication/,male
2158792855,lars w hagen,lars,https://academic.microsoft.com/author/2158792855/publication/,male
2096207090,lars backstrom,lars,https://academic.microsoft.com/author/2096207090/publication/,male
2181693782,leon liheng wu,leon,https://academic.microsoft.com/author/2181693782/publication/,male
1913813444,leon danon,leon,https://academic.microsoft.com/author/1913813444/publication/,male
1993486354,loet leydesdorff,loet,https://academic.microsoft.com/author/1993486354/publication/,male
2946424798,luis concha,luis,https://academic.microsoft.com/author/2946424798/publication/,male
2014009537,luis mario floria,luis,https://academic.microsoft.com/author/2014009537/publication/,male
2171851496,luis a nunes amaral,luis,https://academic.microsoft.com/author/2171851496/publication/,male
2106192455,luis e c rocha,luis,https://academic.microsoft.com/author/2106192455/publication/,male
2098642314,mani b srivastava,mani,https://academic.microsoft.com/author/2098642314/publication/,male
2275918092,marc barthlemy,marc,https://academic.microsoft.com/author/2275918092/publication/,male
2119113135,marc a smith,marc,https://academic.microsoft.com/author/2119113135/publication/,male
1963961978,marc barthelemy,marc,https://academic.microsoft.com/author/1963961978/publication/,male
2181857560,mark s handcock,mark,https://academic.microsoft.com/author/2181857560/publication/,male
1979641284,mark s ackerman,mark,https://academic.microsoft.com/author/1979641284/publication/,male
2171101665,mark reed,mark,https://academic.microsoft.com/author/2171101665/publication/,male
2056846416,mark granovetter,mark,https://academic.microsoft.com/author/2056846416/publication/,male
1999402965,mark verwoerd,mark,https://academic.microsoft.com/author/1999402965/publication/,male
2617392572,mark s mizruchi,mark,https://academic.microsoft.com/author/2617392572/publication/,male
2689672205,mark buchanan,mark,https://academic.microsoft.com/author/2689672205/publication/,male
2143724125,mung chiang,mung,https://academic.microsoft.com/author/2143724125/publication/,male
2245702983,nhan phan thien,nhan,https://academic.microsoft.com/author/2245702983/publication/,male
2163866255,nick lee,nick,https://academic.microsoft.com/author/2163866255/publication/,male
2255982538,noah e friedkin,noah,https://academic.microsoft.com/author/2255982538/publication/,male
217461061,noel m tichy,noel,https://academic.microsoft.com/author/217461061/publication/,male
1274808907,olaf sporns,olaf,https://academic.microsoft.com/author/1274808907/publication/,male
316925404,paul w beamish,paul,https://academic.microsoft.com/author/316925404/publication/,male
51919298,paul j laurienti,paul,https://academic.microsoft.com/author/51919298/publication/,male
2943535934,paul almeida,paul,https://academic.microsoft.com/author/2943535934/publication/,male
2046372634,paul duguid,paul,https://academic.microsoft.com/author/2046372634/publication/,male
1916892598,paul dimaggio,paul,https://academic.microsoft.com/author/1916892598/publication/,male
718552027,piet van mieghem,piet,https://academic.microsoft.com/author/718552027/publication/,male
207394754,pitu b mirchandani,pitu,https://academic.microsoft.com/author/207394754/publication/,male
2577876495,ravi kumar,ravi,https://academic.microsoft.com/author/2577876495/publication/,male
2059059345,ravi s achrol,ravi,https://academic.microsoft.com/author/2059059345/publication/,male
2280615501,rene s kahn,rene,https://academic.microsoft.com/author/2280615501/publication/,male
599695746,reto meuli,reto,https://academic.microsoft.com/author/599695746/publication/,male
1969841945,reza olfati saber,reza,https://academic.microsoft.com/author/1969841945/publication/,male
341001588,reza olfatisaber,reza,https://academic.microsoft.com/author/341001588/publication/,male
2922121546,rick hooper,rick,https://academic.microsoft.com/author/2922121546/publication/,male
2006674552,risi kondor,risi,https://academic.microsoft.com/author/2006674552/publication/,male
2918241356,rolf kotter,rolf,https://academic.microsoft.com/author/2918241356/publication/,male
2343984311,rolf sternberg,rolf,https://academic.microsoft.com/author/2343984311/publication/,male
1981770215,ryan chute,ryan,https://academic.microsoft.com/author/1981770215/publication/,male
2146613377,seth a myers,seth,https://academic.microsoft.com/author/2146613377/publication/,male
2185101206,shai s shenorr,shai,https://academic.microsoft.com/author/2185101206/publication/,male
2149865473,sune lehmann,sune,https://academic.microsoft.com/author/2149865473/publication/,male
98853548,tage skjoettlarsen,tage,https://academic.microsoft.com/author/98853548/publication/,male
2545088079,tore opsahl,tore,https://academic.microsoft.com/author/2545088079/publication/,male
2054945303,vito latora,vito,https://academic.microsoft.com/author/2054945303/publication/,male
2097273326,yair weiss,yair,https://academic.microsoft.com/author/2097273326/publication/,male
2107876906,yong he,yong,https://academic.microsoft.com/author/2107876906/publication/,male
2042485724,yuri boykov,yuri,https://academic.microsoft.com/author/2042485724/publication/,male
2566209759,zhen wang,zhen,https://academic.microsoft.com/author/2566209759/publication/,male
1443137112,aaron clauset,aaron,https://academic.microsoft.com/author/1443137112/publication/,male
2128657759,akbar zaheer,akbar,https://academic.microsoft.com/author/2128657759/publication/,male
1157737953,alain barrat,alain,https://academic.microsoft.com/author/1157737953/publication/,male
2060843742,alain degenne,alain,https://academic.microsoft.com/author/2060843742/publication/,male
2711919227,allan w wicker,allan,https://academic.microsoft.com/author/2711919227/publication/,male
2653199301,anant singh jain,anant,https://academic.microsoft.com/author/2653199301/publication/,male
2103831443,arent greve,arent,https://academic.microsoft.com/author/2103831443/publication/,male
131739572,babak pourbohloul,babak,https://academic.microsoft.com/author/131739572/publication/,male
2108037768,barry wellman,barry,https://academic.microsoft.com/author/2108037768/publication/,male
2248806669,barry d davidson,barry,https://academic.microsoft.com/author/2248806669/publication/,male
2099847228,benyu zhang,benyu,https://academic.microsoft.com/author/2099847228/publication/,male
1862760335,bijan parsia,bijan,https://academic.microsoft.com/author/1862760335/publication/,male
2152523866,bobby bhattacharjee,bobby,https://academic.microsoft.com/author/2152523866/publication/,male
1980470940,boris v cherkassky,boris,https://academic.microsoft.com/author/1980470940/publication/,male
2098049953,brett g dickson,brett,https://academic.microsoft.com/author/2098049953/publication/,male
2048884539,brian uzzi,brian,https://academic.microsoft.com/author/2048884539/publication/,male
2894994352,brian karrer,brian,https://academic.microsoft.com/author/2894994352/publication/,male
2766870918,bruce christie,bruce,https://academic.microsoft.com/author/2766870918/publication/,male
2134305380,bruce p kennedy,bruce,https://academic.microsoft.com/author/2134305380/publication/,male
2028428744,bruce kogut,bruce,https://academic.microsoft.com/author/2028428744/publication/,male
2524419254,bruce c skaggs,bruce,https://academic.microsoft.com/author/2524419254/publication/,male
2575070308,bruno langlois,bruno,https://academic.microsoft.com/author/2575070308/publication/,male
2136431451,bryce boe,bryce,https://academic.microsoft.com/author/2136431451/publication/,male
2146161571,chang no yoon,chang,https://academic.microsoft.com/author/2146161571/publication/,male
2238409327,chris sander,chris,https://academic.microsoft.com/author/2238409327/publication/,male
2307857036,chuan yang,chuan,https://academic.microsoft.com/author/2307857036/publication/,male
346545156,claus c hilgetag,claus,https://academic.microsoft.com/author/346545156/publication/,male
2012545385,cliff lampe,cliff,https://academic.microsoft.com/author/2012545385/publication/,male
276730995,dante r chialvo,dante,https://academic.microsoft.com/author/276730995/publication/,male
2484113080,darko hric,darko,https://academic.microsoft.com/author/2484113080/publication/,male
2120920645,david s johnson,david,https://academic.microsoft.com/author/2120920645/publication/,male
2002613147,david eppstein,david,https://academic.microsoft.com/author/2002613147/publication/,male
1930867258,david j galas,david,https://academic.microsoft.com/author/1930867258/publication/,male
2947030748,david a kenny,david,https://academic.microsoft.com/author/2947030748/publication/,male
2236920176,david m mayer,david,https://academic.microsoft.com/author/2236920176/publication/,male
2124028641,david d jensen,david,https://academic.microsoft.com/author/2124028641/publication/,male
2141720558,david j ketchen,david,https://academic.microsoft.com/author/2141720558/publication/,male
2310499632,david i shuman,david,https://academic.microsoft.com/author/2310499632/publication/,male
2137221145,david kempe,david,https://academic.microsoft.com/author/2137221145/publication/,male
149531881,david libennowell,david,https://academic.microsoft.com/author/149531881/publication/,male
2082712981,david lazer,david,https://academic.microsoft.com/author/2082712981/publication/,male
2405775641,david kirsh,david,https://academic.microsoft.com/author/2405775641/publication/,male
2173109630,david a fell,david,https://academic.microsoft.com/author/2173109630/publication/,male
2273705048,david a ralston,david,https://academic.microsoft.com/author/2273705048/publication/,male
2921568659,derek l hansen,derek,https://academic.microsoft.com/author/2921568659/publication/,male
2002906405,edwin hutchins,edwin,https://academic.microsoft.com/author/2002906405/publication/,male
2113438569,erjia yan,erjia,https://academic.microsoft.com/author/2113438569/publication/,male
233957955,eytan bakshy,eytan,https://academic.microsoft.com/author/233957955/publication/,male
2055875777,fabio pasqualetti,fabio,https://academic.microsoft.com/author/2055875777/publication/,male
2119774666,fidel ramirez,fidel,https://academic.microsoft.com/author/2119774666/publication/,male
71963461,filip agneessens,filip,https://academic.microsoft.com/author/71963461/publication/,male
65976662,frank harary,frank,https://academic.microsoft.com/author/65976662/publication/,male
2798761059,frank harary,frank,https://academic.microsoft.com/author/2798761059/publication/,male
1515786896,gabor csardi,gabor,https://academic.microsoft.com/author/1515786896/publication/,male
2050186710,garry robins,garry,https://academic.microsoft.com/author/2050186710/publication/,male
260408660,gilad ravid,gilad,https://academic.microsoft.com/author/260408660/publication/,male
2914266638,gyula i szabo,gyula,https://academic.microsoft.com/author/2914266638/publication/,male
1927775022,hamed haddadi,hamed,https://academic.microsoft.com/author/1927775022/publication/,male
2553922951,harry m hoberman,harry,https://academic.microsoft.com/author/2553922951/publication/,male
119553224,hauke strasdat,hauke,https://academic.microsoft.com/author/119553224/publication/,male
703112618,henri tajfel,henri,https://academic.microsoft.com/author/703112618/publication/,male
2125205813,henry a finch,henry,https://academic.microsoft.com/author/2125205813/publication/,male
2188681046,illes j farkas,illes,https://academic.microsoft.com/author/2188681046/publication/,male
2121363826,irwin king,irwin,https://academic.microsoft.com/author/2121363826/publication/,male
1256647149,jacek radzikowski,jacek,https://academic.microsoft.com/author/1256647149/publication/,male
165449881,jacob torfing,jacob,https://academic.microsoft.com/author/165449881/publication/,male
2070057884,james p bagrow,james,https://academic.microsoft.com/author/2070057884/publication/,male
2695647148,james a hendler,james,https://academic.microsoft.com/author/2695647148/publication/,male
2562719856,james r jackson,james,https://academic.microsoft.com/author/2562719856/publication/,male
2159748280,james p ostrowski,james,https://academic.microsoft.com/author/2159748280/publication/,male
400323076,james d hollan,james,https://academic.microsoft.com/author/400323076/publication/,male
2150544969,james h gray,james,https://academic.microsoft.com/author/2150544969/publication/,male
2582396414,james m cook,james,https://academic.microsoft.com/author/2582396414/publication/,male
2147130370,james s coleman,james,https://academic.microsoft.com/author/2147130370/publication/,male
2185363493,james kennedy,james,https://academic.microsoft.com/author/2185363493/publication/,male
2139330692,james h fowler,james,https://academic.microsoft.com/author/2139330692/publication/,male
2108203046,james w kirchner,james,https://academic.microsoft.com/author/2108203046/publication/,male
1887629390,janos kertesz,janos,https://academic.microsoft.com/author/1887629390/publication/,male
2141131632,jason i hong,jason,https://academic.microsoft.com/author/2141131632/publication/,male
197852453,jesus gomezgardenes,jesus,https://academic.microsoft.com/author/197852453/publication/,male
2110250596,jinhu lu,jinhu,https://academic.microsoft.com/author/2110250596/publication/,male
2097966160,johan bollen,johan,https://academic.microsoft.com/author/2097966160/publication/,male
1966275690,johan koskinen,johan,https://academic.microsoft.com/author/1966275690/publication/,male
2467357744,jordi sabater,jordi,https://academic.microsoft.com/author/2467357744/publication/,male
2084345891,jordi bascompte,jordi,https://academic.microsoft.com/author/2084345891/publication/,male
2116293049,jordi duch,jordi,https://academic.microsoft.com/author/2116293049/publication/,male
145199858,julio m ottino,julio,https://academic.microsoft.com/author/145199858/publication/,male
1688201687,kevin macon,kevin,https://academic.microsoft.com/author/1688201687/publication/,male
2113667310,kevin j dooley,kevin,https://academic.microsoft.com/author/2113667310/publication/,male
1826799450,kimmo kaski,kimmo,https://academic.microsoft.com/author/1826799450/publication/,male
156439643,klaus hubacek,klaus,https://academic.microsoft.com/author/156439643/publication/,male
2134261273,lance doherty,lance,https://academic.microsoft.com/author/2134261273/publication/,male
2252586558,lotfi a zadeh,lotfi,https://academic.microsoft.com/author/2252586558/publication/,male
2036690967,lucas antiqueira,lucas,https://academic.microsoft.com/author/2036690967/publication/,male
85458277,lucio biggiero,lucio,https://academic.microsoft.com/author/85458277/publication/,male
323766894,marco iansiti,marco,https://academic.microsoft.com/author/323766894/publication/,male
2110193121,mario albrecht,mario,https://academic.microsoft.com/author/2110193121/publication/,male
2095945270,mario chavez,mario,https://academic.microsoft.com/author/2095945270/publication/,male
2052013336,mason a porter,mason,https://academic.microsoft.com/author/2052013336/publication/,male
180888741,mayer n zald,mayer,https://academic.microsoft.com/author/180888741/publication/,male
1292959705,mikko kivela,mikko,https://academic.microsoft.com/author/1292959705/publication/,male
2079916808,miles kahler,miles,https://academic.microsoft.com/author/2079916808/publication/,male
1970575723,moshe y vardi,moshe,https://academic.microsoft.com/author/1970575723/publication/,male
254511066,murat arcak,murat,https://academic.microsoft.com/author/254511066/publication/,male
368345771,nadav kashtan,nadav,https://academic.microsoft.com/author/368345771/publication/,male
2305085776,nenad mladenovic,nenad,https://academic.microsoft.com/author/2305085776/publication/,male
2618771649,nenad trinajstic,nenad,https://academic.microsoft.com/author/2618771649/publication/,male
2511378051,nitin nohria,nitin,https://academic.microsoft.com/author/2511378051/publication/,male
1519201588,orjan g martinsen,orjan,https://academic.microsoft.com/author/1519201588/publication/,male
1908222809,paolo crucitti,paolo,https://academic.microsoft.com/author/1908222809/publication/,male
2041808030,pawel winter,pawel,https://academic.microsoft.com/author/2041808030/publication/,male
180541493,pedro jordano,pedro,https://academic.microsoft.com/author/180541493/publication/,male
2617629123,peter smith ring,peter,https://academic.microsoft.com/author/2617629123/publication/,male
2595682946,peter witt,peter,https://academic.microsoft.com/author/2595682946/publication/,male
1338467800,peter salovey,peter,https://academic.microsoft.com/author/1338467800/publication/,male
62967857,peter druschel,peter,https://academic.microsoft.com/author/62967857/publication/,male
2040470435,peter willmott,peter,https://academic.microsoft.com/author/2040470435/publication/,male
2708410718,peter welsch,peter,https://academic.microsoft.com/author/2708410718/publication/,male
2121348433,peter g doyle,peter,https://academic.microsoft.com/author/2121348433/publication/,male
2722147625,peter v marsden,peter,https://academic.microsoft.com/author/2722147625/publication/,male
2168957985,peter f stadler,peter,https://academic.microsoft.com/author/2168957985/publication/,male
2106237846,peter m blau,peter,https://academic.microsoft.com/author/2106237846/publication/,male
2094778777,peter d hoff,peter,https://academic.microsoft.com/author/2094778777/publication/,male
1912508384,peter j carrington,peter,https://academic.microsoft.com/author/1912508384/publication/,male
2117376714,peter j mucha,peter,https://academic.microsoft.com/author/2117376714/publication/,male
2109031554,qiang yang,qiang,https://academic.microsoft.com/author/2109031554/publication/,male
2072553995,rahul c basole,rahul,https://academic.microsoft.com/author/2072553995/publication/,male
2114003991,ralph gross,ralph,https://academic.microsoft.com/author/2114003991/publication/,male
2040103212,ramin zabih,ramin,https://academic.microsoft.com/author/2040103212/publication/,male
2207522298,robin wilson,robin,https://academic.microsoft.com/author/2207522298/publication/,male
2776564969,robin j mermelstein,robin,https://academic.microsoft.com/author/2776564969/publication/,male
1954994128,roger guimera,roger,https://academic.microsoft.com/author/1954994128/publication/,male
2122189410,santo fortunato,santo,https://academic.microsoft.com/author/2122189410/publication/,male
2014033501,sasha a barab,sasha,https://academic.microsoft.com/author/2014033501/publication/,male
173848757,scott t grafton,scott,https://academic.microsoft.com/author/173848757/publication/,male
2288765026,scott l feld,scott,https://academic.microsoft.com/author/2288765026/publication/,male
2585984633,scott white,scott,https://academic.microsoft.com/author/2585984633/publication/,male
305618809,serge j belongie,serge,https://academic.microsoft.com/author/305618809/publication/,male
2115325288,seung kee han,seung,https://academic.microsoft.com/author/2115325288/publication/,male
2202379316,sheik meeran,sheik,https://academic.microsoft.com/author/2202379316/publication/,male
2162563896,steve horvath,steve,https://academic.microsoft.com/author/2162563896/publication/,male
2614590065,steve gregory,steve,https://academic.microsoft.com/author/2614590065/publication/,male
2100243203,sunil k narang,sunil,https://academic.microsoft.com/author/2100243203/publication/,male
1908336426,tamas vicsek,tamas,https://academic.microsoft.com/author/1908336426/publication/,male
147526709,tamas nepusz,tamas,https://academic.microsoft.com/author/147526709/publication/,male
2062182191,telmo menezes,telmo,https://academic.microsoft.com/author/2062182191/publication/,male
2130087974,tomas feder,tomas,https://academic.microsoft.com/author/2130087974/publication/,male
1226911827,ulrik brandes,ulrik,https://academic.microsoft.com/author/1226911827/publication/,male
2161062602,vipin kumar,vipin,https://academic.microsoft.com/author/2161062602/publication/,male
2137361932,viral b shah,viral,https://academic.microsoft.com/author/2137361932/publication/,male
2105834143,wenwu yu,wenwu,https://academic.microsoft.com/author/2105834143/publication/,male
2689291799,xiang li,xiang,https://academic.microsoft.com/author/2689291799/publication/,male
2168356855,xiang ruan,xiang,https://academic.microsoft.com/author/2168356855/publication/,male
2309260691,xiwei liu,xiwei,https://academic.microsoft.com/author/2309260691/publication/,male
2157086078,yamir moreno,yamir,https://academic.microsoft.com/author/2157086078/publication/,male
2008277149,aditya grover,aditya,https://academic.microsoft.com/author/2008277149/publication/,male
2272559081,adrian a canutescu,adrian,https://academic.microsoft.com/author/2272559081/publication/,male
2052065285,adrian e raftery,adrian,https://academic.microsoft.com/author/2052065285/publication/,male
2059565384,akshay java,akshay,https://academic.microsoft.com/author/2059565384/publication/,male
2035405562,albert diazguilera,albert,https://academic.microsoft.com/author/2035405562/publication/,male
371328160,albert soleribalta,albert,https://academic.microsoft.com/author/371328160/publication/,male
2137065126,albert bandura,albert,https://academic.microsoft.com/author/2137065126/publication/,male
2142498905,alexei vazquez,alexei,https://academic.microsoft.com/author/2142498905/publication/,male
2937005597,andrea larson,andrea,https://academic.microsoft.com/author/2937005597/publication/,male
216889400,andrea avenakoenigsberger,andrea,https://academic.microsoft.com/author/216889400/publication/,male
1850815613,andrea lancichinetti,andrea,https://academic.microsoft.com/author/1850815613/publication/,male
1998335764,andrej mrvar,andrej,https://academic.microsoft.com/author/1998335764/publication/,male
1353714631,andrej krevl,andrej,https://academic.microsoft.com/author/1353714631/publication/,male
606963677,andres corradaemmanuel,andres,https://academic.microsoft.com/author/606963677/publication/,male
2137536151,andrew crooks,andrew,https://academic.microsoft.com/author/2137536151/publication/,male
2130754085,andrew tomkins,andrew,https://academic.microsoft.com/author/2130754085/publication/,male
690110789,andrew zacharakis,andrew,https://academic.microsoft.com/author/690110789/publication/,male
2034293391,andrew mcafee,andrew,https://academic.microsoft.com/author/2034293391/publication/,male
2094990544,andrew zalesky,andrew,https://academic.microsoft.com/author/2094990544/publication/,male
2810629069,andrew parker,andrew,https://academic.microsoft.com/author/2810629069/publication/,male
1938534509,andrew c inkpen,andrew,https://academic.microsoft.com/author/1938534509/publication/,male
2207867784,andrew h van de ven,andrew,https://academic.microsoft.com/author/2207867784/publication/,male
2698457840,andrew v goldberg,andrew,https://academic.microsoft.com/author/2698457840/publication/,male
2043784705,andrew a shelenkov,andrew,https://academic.microsoft.com/author/2043784705/publication/,male
2131293038,andrew mccallum,andrew,https://academic.microsoft.com/author/2131293038/publication/,male
2067629764,andrew b kahng,andrew,https://academic.microsoft.com/author/2067629764/publication/,male
2015015692,aniket kittur,aniket,https://academic.microsoft.com/author/2015015692/publication/,male
1847093830,arthur c sanderson,arthur,https://academic.microsoft.com/author/1847093830/publication/,male
2121998336,arvind narayanan,arvind,https://academic.microsoft.com/author/2121998336/publication/,male
2686317356,arvind parkhe,arvind,https://academic.microsoft.com/author/2686317356/publication/,male
2254745624,attila szolnoki,attila,https://academic.microsoft.com/author/2254745624/publication/,male
2108719851,balaji prabhakar,balaji,https://academic.microsoft.com/author/2108719851/publication/,male
2715967903,benoit morel,benoit,https://academic.microsoft.com/author/2715967903/publication/,male
167846847,bernat corominasmurtra,bernat,https://academic.microsoft.com/author/167846847/publication/,male
2251690017,carles sierra,carles,https://academic.microsoft.com/author/2251690017/publication/,male
134908595,carlos f daganzo,carlos,https://academic.microsoft.com/author/134908595/publication/,male
2500116311,curtis w chen,curtis,https://academic.microsoft.com/author/2500116311/publication/,male
2125127983,daniel katz,daniel,https://academic.microsoft.com/author/2125127983/publication/,male
2781233234,daniel s halgin,daniel,https://academic.microsoft.com/author/2781233234/publication/,male
1914371560,daniel j brass,daniel,https://academic.microsoft.com/author/1914371560/publication/,male
131207725,daniel t blumstein,daniel,https://academic.microsoft.com/author/131207725/publication/,male
1986498546,daniel a spielman,daniel,https://academic.microsoft.com/author/1986498546/publication/,male
2063416482,darren p croft,darren,https://academic.microsoft.com/author/2063416482/publication/,male
701608993,dennis f galletta,dennis,https://academic.microsoft.com/author/701608993/publication/,male
2082974086,dennis e shasha,dennis,https://academic.microsoft.com/author/2082974086/publication/,male
632189317,dieter jungnickel,dieter,https://academic.microsoft.com/author/632189317/publication/,male
8917310,dmitri b chklovskii,dmitri,https://academic.microsoft.com/author/8917310/publication/,male
2241302595,donald b johnson,donald,https://academic.microsoft.com/author/2241302595/publication/,male
2122713744,donald w gross,donald,https://academic.microsoft.com/author/2122713744/publication/,male
2151409538,donguk hwang,donguk,https://academic.microsoft.com/author/2151409538/publication/,male
2138805444,duncan j watts,duncan,https://academic.microsoft.com/author/2138805444/publication/,male
2096757674,duncan s callaway,duncan,https://academic.microsoft.com/author/2096757674/publication/,male
2346614798,edward shils,edward,https://academic.microsoft.com/author/2346614798/publication/,male
2046236816,edward t bullmore,edward,https://academic.microsoft.com/author/2046236816/publication/,male
2233878446,elijah wright,elijah,https://academic.microsoft.com/author/2233878446/publication/,male
2161805401,eugene guth,eugene,https://academic.microsoft.com/author/2161805401/publication/,male
2159873490,ferenc jordan,ferenc,https://academic.microsoft.com/author/2159873490/publication/,male
2024718400,gautam ahuja,gautam,https://academic.microsoft.com/author/2024718400/publication/,male
2155623579,gaylen n chandler,gaylen,https://academic.microsoft.com/author/2155623579/publication/,male
219814910,george karypis,george,https://academic.microsoft.com/author/219814910/publication/,male
2165626249,george c homans,george,https://academic.microsoft.com/author/2165626249/publication/,male
2097868833,gerald c kane,gerald,https://academic.microsoft.com/author/2097868833/publication/,male
2663766651,gerald r salancik,gerald,https://academic.microsoft.com/author/2663766651/publication/,male
2302554261,gerome miklau,gerome,https://academic.microsoft.com/author/2302554261/publication/,male
2096359564,gordon e grant,gordon,https://academic.microsoft.com/author/2096359564/publication/,male
1869364368,hafedh mili,hafedh,https://academic.microsoft.com/author/1869364368/publication/,male
2151581994,haijun zhou,haijun,https://academic.microsoft.com/author/2151581994/publication/,male
2050114355,harold h kelley,harold,https://academic.microsoft.com/author/2050114355/publication/,male
2127339429,helmut elsinger,helmut,https://academic.microsoft.com/author/2127339429/publication/,male
2108034607,henrik walter,henrik,https://academic.microsoft.com/author/2108034607/publication/,male
157725681,hernan a makse,hernan,https://academic.microsoft.com/author/157725681/publication/,male
2105422751,holger ebel,holger,https://academic.microsoft.com/author/2105422751/publication/,male
2157550716,hosung park,hosung,https://academic.microsoft.com/author/2157550716/publication/,male
68434119,howard a zebker,howard,https://academic.microsoft.com/author/68434119/publication/,male
2778718891,hubert m james,hubert,https://academic.microsoft.com/author/2778718891/publication/,male
294294306,ichiro kawachi,ichiro,https://academic.microsoft.com/author/294294306/publication/,male
2251891803,ignasi marti,ignasi,https://academic.microsoft.com/author/2251891803/publication/,male
2222844223,jaydev p desai,jaydev,https://academic.microsoft.com/author/2222844223/publication/,male
1484540104,jerome barraquand,jerome,https://academic.microsoft.com/author/1484540104/publication/,male
2157091523,jerome h friedman,jerome,https://academic.microsoft.com/author/2157091523/publication/,male
2232072325,jerome kunegis,jerome,https://academic.microsoft.com/author/2232072325/publication/,male
2002213426,jianbo shi,jianbo,https://academic.microsoft.com/author/2002213426/publication/,male
2157132620,jianxi gao,jianxi,https://academic.microsoft.com/author/2157132620/publication/,male
2121939561,jiawei han,jiawei,https://academic.microsoft.com/author/2121939561/publication/,male
2558675373,jinhui wang,jinhui,https://academic.microsoft.com/author/2558675373/publication/,male
2173058725,jochen konemann,jochen,https://academic.microsoft.com/author/2173058725/publication/,male
681153830,joseph m whitmeyer,joseph,https://academic.microsoft.com/author/681153830/publication/,male
2235985702,joseph galaskiewicz,joseph,https://academic.microsoft.com/author/2235985702/publication/,male
2472878894,jurgen kurths,jurgen,https://academic.microsoft.com/author/2472878894/publication/,male
2100888799,justin cranshaw,justin,https://academic.microsoft.com/author/2100888799/publication/,male
2163599213,justin w webb,justin,https://academic.microsoft.com/author/2163599213/publication/,male
2646458815,juyong park,juyong,https://academic.microsoft.com/author/2646458815/publication/,male
2136804811,linton c freeman,linton,https://academic.microsoft.com/author/2136804811/publication/,male
66175553,lowell w busenitz,lowell,https://academic.microsoft.com/author/66175553/publication/,male
1965813356,maksim kitsak,maksim,https://academic.microsoft.com/author/1965813356/publication/,male
2120504366,manlio de domenico,manlio,https://academic.microsoft.com/author/2120504366/publication/,male
2611391658,manuel castells,manuel,https://academic.microsoft.com/author/2611391658/publication/,male
2099872102,marcus kaiser,marcus,https://academic.microsoft.com/author/2099872102/publication/,male
111975288,marian boguna,marian,https://academic.microsoft.com/author/111975288/publication/,male
1248398100,marius leordeanu,marius,https://academic.microsoft.com/author/1248398100/publication/,male
2149203006,markus weiler,markus,https://academic.microsoft.com/author/2149203006/publication/,male
2099416691,martin bell,martin,https://academic.microsoft.com/author/2099416691/publication/,male
2120550509,martin g everett,martin,https://academic.microsoft.com/author/2120550509/publication/,male
2156764872,martin gargiulo,martin,https://academic.microsoft.com/author/2156764872/publication/,male
1340226678,martin bichler,martin,https://academic.microsoft.com/author/1340226678/publication/,male
1983969181,martin haenggi,martin,https://academic.microsoft.com/author/1983969181/publication/,male
680051270,martin kilduff,martin,https://academic.microsoft.com/author/680051270/publication/,male
2140736851,martin h schultz,martin,https://academic.microsoft.com/author/2140736851/publication/,male
1999253335,martin rosvall,martin,https://academic.microsoft.com/author/1999253335/publication/,male
2563470188,martin summer,martin,https://academic.microsoft.com/author/2563470188/publication/,male
2067196623,martin ester,martin,https://academic.microsoft.com/author/2067196623/publication/,male
2084224747,marvin zelen,marvin,https://academic.microsoft.com/author/2084224747/publication/,male
1326542699,matjaz perc,matjaz,https://academic.microsoft.com/author/1326542699/publication/,male
135049861,maziar nekovee,maziar,https://academic.microsoft.com/author/135049861/publication/,male
285776135,michel forse,michel,https://academic.microsoft.com/author/285776135/publication/,male
2683407986,michel gondran,michel,https://academic.microsoft.com/author/2683407986/publication/,male
2095776195,michel minoux,michel,https://academic.microsoft.com/author/2095776195/publication/,male
2930417698,michel deza,michel,https://academic.microsoft.com/author/2930417698/publication/,male
2754191259,miguel romance,miguel,https://academic.microsoft.com/author/2754191259/publication/,male
2071162969,mikail rubinov,mikail,https://academic.microsoft.com/author/2071162969/publication/,male
2138507242,miller mcpherson,miller,https://academic.microsoft.com/author/2138507242/publication/,male
2617375404,mohsen jamali,mohsen,https://academic.microsoft.com/author/2617375404/publication/,male
2140027952,morten t hansen,morten,https://academic.microsoft.com/author/2140027952/publication/,male
2549296219,murray a beauchamp,murray,https://academic.microsoft.com/author/2549296219/publication/,male
137426811,nathan linial,nathan,https://academic.microsoft.com/author/137426811/publication/,male
1996244690,naveen garg,naveen,https://academic.microsoft.com/author/1996244690/publication/,male
100648250,norman m sadeh,norman,https://academic.microsoft.com/author/100648250/publication/,male
2648196515,norman,norman,https://academic.microsoft.com/author/2648196515/publication/,male
2056937161,noshir contractor,noshir,https://academic.microsoft.com/author/2056937161/publication/,male
2108917702,oliver mason,oliver,https://academic.microsoft.com/author/2108917702/publication/,male
2326573454,oliver grimm,oliver,https://academic.microsoft.com/author/2326573454/publication/,male
2063844727,pascal frossard,pascal,https://academic.microsoft.com/author/2063844727/publication/,male
2119647875,pascal pons,pascal,https://academic.microsoft.com/author/2119647875/publication/,male
2925271333,patric hagmann,patric,https://academic.microsoft.com/author/2925271333/publication/,male
2069656492,patric hagmann,patric,https://academic.microsoft.com/author/2069656492/publication/,male
2619839645,petter holme,petter,https://academic.microsoft.com/author/2619839645/publication/,male
2125055532,philip j barnard,philip,https://academic.microsoft.com/author/2125055532/publication/,male
2099733369,pierre hansen,pierre,https://academic.microsoft.com/author/2099733369/publication/,male
338287261,pierre vandergheynst,pierre,https://academic.microsoft.com/author/338287261/publication/,male
2040364821,rainer kummerle,rainer,https://academic.microsoft.com/author/2040364821/publication/,male
2236981363,ranjay gulati,ranjay,https://academic.microsoft.com/author/2236981363/publication/,male
2131354393,regino criado,regino,https://academic.microsoft.com/author/2131354393/publication/,male
2617115591,reuven cohen,reuven,https://academic.microsoft.com/author/2617115591/publication/,male
1973366468,reuven aviv,reuven,https://academic.microsoft.com/author/1973366468/publication/,male
2232643073,robert m may,robert,https://academic.microsoft.com/author/2232643073/publication/,male
1217235413,robert c brunham,robert,https://academic.microsoft.com/author/1217235413/publication/,male
2385629218,robert a hanneman,robert,https://academic.microsoft.com/author/2385629218/publication/,male
2080025652,robert s schick,robert,https://academic.microsoft.com/author/2080025652/publication/,male
339338457,robert c liden,robert,https://academic.microsoft.com/author/339338457/publication/,male
350567680,robert endre tarjan,robert,https://academic.microsoft.com/author/350567680/publication/,male
2574684131,robert l kahn,robert,https://academic.microsoft.com/author/2574684131/publication/,male
2693515964,robert g eccles,robert,https://academic.microsoft.com/author/2693515964/publication/,male
2111730653,robert k merton,robert,https://academic.microsoft.com/author/2111730653/publication/,male
2762317175,robert edmund wilson,robert,https://academic.microsoft.com/author/2762317175/publication/,male
2573173908,robert e collin,robert,https://academic.microsoft.com/author/2573173908/publication/,male
2124555779,roland l dunbrack,roland,https://academic.microsoft.com/author/2124555779/publication/,male
2026323400,ronald rousseau,ronald,https://academic.microsoft.com/author/2026323400/publication/,male
2171198665,ronald s burt,ronald,https://academic.microsoft.com/author/2171198665/publication/,male
2173329291,samrat bhattacharjee,samrat,https://academic.microsoft.com/author/2173329291/publication/,male
577668700,samuel d gosling,samuel,https://academic.microsoft.com/author/577668700/publication/,male
2132748766,sanjay lall,sanjay,https://academic.microsoft.com/author/2132748766/publication/,male
2213811539,satoru hayasaka,satoru,https://academic.microsoft.com/author/2213811539/publication/,male
2149175904,satoru kawai,satoru,https://academic.microsoft.com/author/2149175904/publication/,male
60142663,sergey v buldyrev,sergey,https://academic.microsoft.com/author/60142663/publication/,male
2163986955,sergio gomez,sergio,https://academic.microsoft.com/author/2163986955/publication/,male
688088336,shalev itzkovitz,shalev,https://academic.microsoft.com/author/688088336/publication/,male
630663198,shlomo havlin,shlomo,https://academic.microsoft.com/author/630663198/publication/,male
2526899345,slaven marusic,slaven,https://academic.microsoft.com/author/2526899345/publication/,male
732463281,stefan thurner,stefan,https://academic.microsoft.com/author/732463281/publication/,male
1403534087,stefan bornholdt,stefan,https://academic.microsoft.com/author/1403534087/publication/,male
2503588034,stefan burr,stefan,https://academic.microsoft.com/author/2503588034/publication/,male
2943370720,stefan wuchty,stefan,https://academic.microsoft.com/author/2943370720/publication/,male
2321730078,steven sampson,steven,https://academic.microsoft.com/author/2321730078/publication/,male
224018203,steven h strogatz,steven,https://academic.microsoft.com/author/224018203/publication/,male
2798727603,steven andrews,steven,https://academic.microsoft.com/author/2798727603/publication/,male
2097134209,steven h low,steven,https://academic.microsoft.com/author/2097134209/publication/,male
2780435491,steven vajda,steven,https://academic.microsoft.com/author/2780435491/publication/,male
2082634338,sverre grimnes,sverre,https://academic.microsoft.com/author/2082634338/publication/,male
2153122518,thomas w valente,thomas,https://academic.microsoft.com/author/2153122518/publication/,male
2480429623,thomas a schreiber,thomas,https://academic.microsoft.com/author/2480429623/publication/,male
2149631809,thomas s huang,thomas,https://academic.microsoft.com/author/2149631809/publication/,male
2643200759,thomas ashby wills,thomas,https://academic.microsoft.com/author/2643200759/publication/,male
1980401443,thomas y choi,thomas,https://academic.microsoft.com/author/1980401443/publication/,male
2162788439,thomas richardson,thomas,https://academic.microsoft.com/author/2162788439/publication/,male
2087328515,thomas erlebach,thomas,https://academic.microsoft.com/author/2087328515/publication/,male
2062670315,thomas a glass,thomas,https://academic.microsoft.com/author/2062670315/publication/,male
128580411,thomas lengauer,thomas,https://academic.microsoft.com/author/128580411/publication/,male
309536911,thomas w kamarck,thomas,https://academic.microsoft.com/author/309536911/publication/,male
2073090198,thomas hahn,thomas,https://academic.microsoft.com/author/2073090198/publication/,male
1980563821,tomasz radzik,tomasz,https://academic.microsoft.com/author/1980563821/publication/,male
2119679967,toshio yamagishi,toshio,https://academic.microsoft.com/author/2119679967/publication/,male
8790322,vitaly shmatikov,vitaly,https://academic.microsoft.com/author/8790322/publication/,male
2300869256,walter j m kickert,walter,https://academic.microsoft.com/author/2300869256/publication/,male
2157848085,wenpin tsai,wenpin,https://academic.microsoft.com/author/2157848085/publication/,male
2100015512,winsor h lowe,winsor,https://academic.microsoft.com/author/2100015512/publication/,male
109847712,wouter de nooy,wouter,https://academic.microsoft.com/author/109847712/publication/,male
1453920704,xavier gigandet,xavier,https://academic.microsoft.com/author/1453920704/publication/,male
2152778655,xuerui wang,xuerui,https://academic.microsoft.com/author/2152778655/publication/,male
2105958714,yangyu liu,yangyu,https://academic.microsoft.com/author/2105958714/publication/,male
689471502,yannis a dimitriadis,yannis,https://academic.microsoft.com/author/689471502/publication/,male
40272620,yassen assenov,yassen,https://academic.microsoft.com/author/40272620/publication/,male
1809601764,youcef saad,youcef,https://academic.microsoft.com/author/1809601764/publication/,male
2110859160,zhenyu wu,zhenyu,https://academic.microsoft.com/author/2110859160/publication/,male
2057996487,zoltan n oltvai,zoltan,https://academic.microsoft.com/author/2057996487/publication/,male
2055318561,zoltan neda,zoltan,https://academic.microsoft.com/author/2055318561/publication/,male
2016077728,adilson e motter,adilson,https://academic.microsoft.com/author/2016077728/publication/,male
1996732661,alberto sanfeliu,alberto,https://academic.microsoft.com/author/1996732661/publication/,male
2334460996,aleksei y kondratev,aleksei,https://academic.microsoft.com/author/2334460996/publication/,male
1966772175,andreas lommatzsch,andreas,https://academic.microsoft.com/author/1966772175/publication/,male
2811329581,andreas wagner,andreas,https://academic.microsoft.com/author/2811329581/publication/,male
2126599289,andreas m kaplan,andreas,https://academic.microsoft.com/author/2126599289/publication/,male
2138160959,andreas heinz,andreas,https://academic.microsoft.com/author/2138160959/publication/,male
1802226256,andreas meyerlindenberg,andreas,https://academic.microsoft.com/author/1802226256/publication/,male
402941322,anthony r ingraffea,anthony,https://academic.microsoft.com/author/402941322/publication/,male
2919228663,anthony goerzen,anthony,https://academic.microsoft.com/author/2919228663/publication/,male
349457702,anthony giddens,anthony,https://academic.microsoft.com/author/349457702/publication/,male
2000978484,anthony stefanidis,anthony,https://academic.microsoft.com/author/2000978484/publication/,male
2138986978,anthony r mcintosh,anthony,https://academic.microsoft.com/author/2138986978/publication/,male
2118429164,antonio ortega,antonio,https://academic.microsoft.com/author/2118429164/publication/,male
225233962,antonio bicchi,antonio,https://academic.microsoft.com/author/225233962/publication/,male
1387271665,antonio scala,antonio,https://academic.microsoft.com/author/1387271665/publication/,male
74792332,bostjan antoncic,bostjan,https://academic.microsoft.com/author/74792332/publication/,male
2062957773,brandon whitcher,brandon,https://academic.microsoft.com/author/2062957773/publication/,male
798163,carsten wiuf,carsten,https://academic.microsoft.com/author/798163/publication/,male
1207569220,charles j fombrun,charles,https://academic.microsoft.com/author/1207569220/publication/,male
2123091955,charles t zahn,charles,https://academic.microsoft.com/author/2123091955/publication/,male
2162688498,charles j stone,charles,https://academic.microsoft.com/author/2162688498/publication/,male
269061945,charles steinfield,charles,https://academic.microsoft.com/author/269061945/publication/,male
2184928795,christo wilson,christo,https://academic.microsoft.com/author/2184928795/publication/,male
2397817241,claudio castellano,claudio,https://academic.microsoft.com/author/2397817241/publication/,male
1982781389,dominic abrams,dominic,https://academic.microsoft.com/author/1982781389/publication/,male
2096778673,douglas l nelson,douglas,https://academic.microsoft.com/author/2096778673/publication/,male
2101794764,douglas r white,douglas,https://academic.microsoft.com/author/2101794764/publication/,male
242635728,edoardo m airoldi,edoardo,https://academic.microsoft.com/author/242635728/publication/,male
2163979423,ernesto estrada,ernesto,https://academic.microsoft.com/author/2163979423/publication/,male
2273217107,fernand meyer,fernand,https://academic.microsoft.com/author/2273217107/publication/,male
60870194,fredrik liljeros,fredrik,https://academic.microsoft.com/author/60870194/publication/,male
2677917981,gabriel y handler,gabriel,https://academic.microsoft.com/author/2677917981/publication/,male
2786058412,gergely palla,gergely,https://academic.microsoft.com/author/2786058412/publication/,male
2073997785,giorgio grisetti,giorgio,https://academic.microsoft.com/author/2073997785/publication/,male
133190836,gonzalo travieso,gonzalo,https://academic.microsoft.com/author/133190836/publication/,male
2132063513,haewoon kwak,haewoon,https://academic.microsoft.com/author/2132063513/publication/,male
2160940721,haixuan yang,haixuan,https://academic.microsoft.com/author/2160940721/publication/,male
2928981443,hassard,hassard,https://academic.microsoft.com/author/2928981443/publication/,male
2798387425,herbert j carlin,herbert,https://academic.microsoft.com/author/2798387425/publication/,male
97704749,herbert van de sompel,herbert,https://academic.microsoft.com/author/97704749/publication/,male
1986118520,jacques carlier,jacques,https://academic.microsoft.com/author/1986118520/publication/,male
2945464498,jeffrey g andrews,jeffrey,https://academic.microsoft.com/author/2945464498/publication/,male
2135348735,jeffrey c johnson,jeffrey,https://academic.microsoft.com/author/2135348735/publication/,male
2159818852,jeffrey j mcdonnell,jeffrey,https://academic.microsoft.com/author/2159818852/publication/,male
2238704074,joaquin goni,joaquin,https://academic.microsoft.com/author/2238704074/publication/,male
2235695405,kenneth l calvert,kenneth,https://academic.microsoft.com/author/2235695405/publication/,male
2094830673,kenneth d butterfield,kenneth,https://academic.microsoft.com/author/2094830673/publication/,male
2126791821,kenneth a de jong,kenneth,https://academic.microsoft.com/author/2126791821/publication/,male
2422903718,kingsun fu,kingsun,https://academic.microsoft.com/author/2422903718/publication/,male
1982116827,krishna p gummadi,krishna,https://academic.microsoft.com/author/1982116827/publication/,male
2024941725,krishna p n puttaswamy,krishna,https://academic.microsoft.com/author/2024941725/publication/,male
1990986594,laurenz wiskott,laurenz,https://academic.microsoft.com/author/1990986594/publication/,male
265631590,lazaros k gallos,lazaros,https://academic.microsoft.com/author/265631590/publication/,male
2120090010,linyuan lu,linyuan,https://academic.microsoft.com/author/2120090010/publication/,male
2686795201,linyuan lu,linyuan,https://academic.microsoft.com/author/2686795201/publication/,male
2120857029,luciano da fontoura costa,luciano,https://academic.microsoft.com/author/2120857029/publication/,male
2101365550,martial hebert,martial,https://academic.microsoft.com/author/2101365550/publication/,male
1988659955,martijn p van den heuvel,martijn,https://academic.microsoft.com/author/1988659955/publication/,male
2104880928,massimo marchiori,massimo,https://academic.microsoft.com/author/2104880928/publication/,male
2305273670,massimo franceschetti,massimo,https://academic.microsoft.com/author/2305273670/publication/,male
2147934765,matheus palhares viana,matheus,https://academic.microsoft.com/author/2147934765/publication/,male
2310195912,mathieu bastian,mathieu,https://academic.microsoft.com/author/2310195912/publication/,male
2306016062,mathieu jacomy,mathieu,https://academic.microsoft.com/author/2306016062/publication/,male
2199275230,matthew o jackson,matthew,https://academic.microsoft.com/author/2199275230/publication/,male
2172291164,matthew james keeling,matthew,https://academic.microsoft.com/author/2172291164/publication/,male
2576151295,michael boss,michael,https://academic.microsoft.com/author/2576151295/publication/,male
2087233832,michael luby,michael,https://academic.microsoft.com/author/2087233832/publication/,male
646841829,michael tyworth,michael,https://academic.microsoft.com/author/646841829/publication/,male
2124413495,michael l nelson,michael,https://academic.microsoft.com/author/2124413495/publication/,male
2021322682,michael batty,michael,https://academic.microsoft.com/author/2021322682/publication/,male
2227744130,michael r lyu,michael,https://academic.microsoft.com/author/2227744130/publication/,male
2041863746,michael l tushman,michael,https://academic.microsoft.com/author/2041863746/publication/,male
2087193645,michael woolcock,michael,https://academic.microsoft.com/author/2087193645/publication/,male
2054825456,michael breakspear,michael,https://academic.microsoft.com/author/2054825456/publication/,male
2573438450,michael dunlop young,michael,https://academic.microsoft.com/author/2573438450/publication/,male
2146514593,michael l roderick,michael,https://academic.microsoft.com/author/2146514593/publication/,male
2462790998,michael a hogg,michael,https://academic.microsoft.com/author/2462790998/publication/,male
1988080645,michael mitzenmacher,michael,https://academic.microsoft.com/author/1988080645/publication/,male
2233085770,michael e porter,michael,https://academic.microsoft.com/author/2233085770/publication/,male
2088335365,michael p h stumpf,michael,https://academic.microsoft.com/author/2088335365/publication/,male
2171598284,michael scharf,michael,https://academic.microsoft.com/author/2171598284/publication/,male
2111172571,michael hay,michael,https://academic.microsoft.com/author/2111172571/publication/,male
217254169,michael s floater,michael,https://academic.microsoft.com/author/217254169/publication/,male
892854437,michael haenlein,michael,https://academic.microsoft.com/author/892854437/publication/,male
294360276,mihalis yannakakis,mihalis,https://academic.microsoft.com/author/294360276/publication/,male
2103435758,minseok song,minseok,https://academic.microsoft.com/author/2103435758/publication/,male
2133515444,miodrag potkonjak,miodrag,https://academic.microsoft.com/author/2133515444/publication/,male
128842699,mustafa emirbayer,mustafa,https://academic.microsoft.com/author/128842699/publication/,male
321944391,olivier dousse,olivier,https://academic.microsoft.com/author/321944391/publication/,male
2122091782,paulino ribeiro villas boas,paulino,https://academic.microsoft.com/author/2122091782/publication/,male
2151119034,philipp weis,philipp,https://academic.microsoft.com/author/2151119034/publication/,male
2621303246,phillip bonacich,phillip,https://academic.microsoft.com/author/2621303246/publication/,male
2051494220,raymond t sparrowe,raymond,https://academic.microsoft.com/author/2051494220/publication/,male
2109621001,raymond t ng,raymond,https://academic.microsoft.com/author/2109621001/publication/,male
2131974076,raymond salvador,raymond,https://academic.microsoft.com/author/2131974076/publication/,male
337649355,richard a olshen,richard,https://academic.microsoft.com/author/337649355/publication/,male
1995808116,richard m leahy,richard,https://academic.microsoft.com/author/1995808116/publication/,male
2947572607,richard f betzel,richard,https://academic.microsoft.com/author/2947572607/publication/,male
2160665213,richard m murray,richard,https://academic.microsoft.com/author/2160665213/publication/,male
2788760716,richard j williams,richard,https://academic.microsoft.com/author/2788760716/publication/,male
2289045041,richard m emerson,richard,https://academic.microsoft.com/author/2289045041/publication/,male
2146726778,richard n cardozo,richard,https://academic.microsoft.com/author/2146726778/publication/,male
2306111812,richard james,richard,https://academic.microsoft.com/author/2306111812/publication/,male
2108392708,sheldon cohen,sheldon,https://academic.microsoft.com/author/2108392708/publication/,male
2079810293,soundar r t kumara,soundar,https://academic.microsoft.com/author/2079810293/publication/,male
2067142896,stanley wasserman,stanley,https://academic.microsoft.com/author/2067142896/publication/,male
205378489,stefano breschi,stefano,https://academic.microsoft.com/author/205378489/publication/,male
2810676849,stefano mossa,stefano,https://academic.microsoft.com/author/2810676849/publication/,male
2674978812,stephan gerhard,stephan,https://academic.microsoft.com/author/2674978812/publication/,male
2167032303,stephen lin,stephen,https://academic.microsoft.com/author/2167032303/publication/,male
43551179,stephen p borgatti,stephen,https://academic.microsoft.com/author/43551179/publication/,male
2095381979,stephen e fienberg,stephen,https://academic.microsoft.com/author/2095381979/publication/,male
2107142044,stephen p boyd,stephen,https://academic.microsoft.com/author/2107142044/publication/,male
2144180807,talcott parsons,talcott,https://academic.microsoft.com/author/2144180807/publication/,male
2123184461,timothy b smith,timothy,https://academic.microsoft.com/author/2123184461/publication/,male
1719324253,timothy h keitt,timothy,https://academic.microsoft.com/author/1719324253/publication/,male
2047627327,tommaso venturini,tommaso,https://academic.microsoft.com/author/2047627327/publication/,male
2012109796,william s hesterly,william,https://academic.microsoft.com/author/2012109796/publication/,male
2020973255,william l cook,william,https://academic.microsoft.com/author/2020973255/publication/,male
2710894913,william lee hays,william,https://academic.microsoft.com/author/2710894913/publication/,male
223264636,william f fagan,william,https://academic.microsoft.com/author/223264636/publication/,male
2112716162,william t freeman,william,https://academic.microsoft.com/author/2112716162/publication/,male
343811326,wolfram burgard,wolfram,https://academic.microsoft.com/author/343811326/publication/,male
2226227572,xiaofan wang,xiaofan,https://academic.microsoft.com/author/2226227572/publication/,male
2157503142,xiaofei he,xiaofei,https://academic.microsoft.com/author/2157503142/publication/,male
2946978794,yicheng zhang,yicheng,https://academic.microsoft.com/author/2946978794/publication/,male
2137441535,zicheng liu,zicheng,https://academic.microsoft.com/author/2137441535/publication/,male
2128666145,chaoming song,chaoming,https://academic.microsoft.com/author/2128666145/publication/,male
263994822,charless c fowlkes,charless,https://academic.microsoft.com/author/263994822/publication/,male
2220829341,christos h papadimitriou,christos,https://academic.microsoft.com/author/2220829341/publication/,male
2198983026,christos faloutsos,christos,https://academic.microsoft.com/author/2198983026/publication/,male
1979476267,cornelis j stam,cornelis,https://academic.microsoft.com/author/1979476267/publication/,male
2155470367,devavrat shah,devavrat,https://academic.microsoft.com/author/2155470367/publication/,male
1423194956,emanuele cozzo,emanuele,https://academic.microsoft.com/author/1423194956/publication/,male
2142939774,erikhans klijn,erikhans,https://academic.microsoft.com/author/2142939774/publication/,male
1976666824,fabricio benevenuto,fabricio,https://academic.microsoft.com/author/1976666824/publication/,male
2286602817,francesc giralt,francesc,https://academic.microsoft.com/author/2286602817/publication/,male
58999047,francois baccelli,francois,https://academic.microsoft.com/author/58999047/publication/,male
2311907280,geoffrey m kistruck,geoffrey,https://academic.microsoft.com/author/2311907280/publication/,male
2303511158,giuseppe labianca,giuseppe,https://academic.microsoft.com/author/2303511158/publication/,male
2162788130,guanrong chen,guanrong,https://academic.microsoft.com/author/2162788130/publication/,male
2224718883,hanghang tong,hanghang,https://academic.microsoft.com/author/2224718883/publication/,male
2574613491,jeanmarc fellous,jeanmarc,https://academic.microsoft.com/author/2574613491/publication/,male
2572048205,jianping zhang,jianping,https://academic.microsoft.com/author/2572048205/publication/,male
2136556746,jitendra malik,jitendra,https://academic.microsoft.com/author/2136556746/publication/,male
2133853112,jonathan l gross,jonathan,https://academic.microsoft.com/author/2133853112/publication/,male
2555335315,jonathan d zwi,jonathan,https://academic.microsoft.com/author/2555335315/publication/,male
2440604528,jonathan d cohen,jonathan,https://academic.microsoft.com/author/2440604528/publication/,male
2041147275,jonathan s yedidia,jonathan,https://academic.microsoft.com/author/2041147275/publication/,male
2117210734,kaizhong zhang,kaizhong,https://academic.microsoft.com/author/2117210734/publication/,male
2126028100,kristian moller,kristian,https://academic.microsoft.com/author/2126028100/publication/,male
647108882,matthieu latapy,matthieu,https://academic.microsoft.com/author/647108882/publication/,male
2337605511,mohammad amin shokrollahi,mohammad,https://academic.microsoft.com/author/2337605511/publication/,male
2076073623,murugesu sivapalan,murugesu,https://academic.microsoft.com/author/2076073623/publication/,male
2888800379,narsingh deo,narsingh,https://academic.microsoft.com/author/2888800379/publication/,male
720924201,nicholas a christakis,nicholas,https://academic.microsoft.com/author/720924201/publication/,male
2521759276,nicholas f wymbs,nicholas,https://academic.microsoft.com/author/2521759276/publication/,male
2137074633,padhraic smyth,padhraic,https://academic.microsoft.com/author/2137074633/publication/,male
737083156,rajkumar buyya,rajkumar,https://academic.microsoft.com/author/737083156/publication/,male
2119718318,rangaraj ramanujam,rangaraj,https://academic.microsoft.com/author/2119718318/publication/,male
2799246700,reinhard diestel,reinhard,https://academic.microsoft.com/author/2799246700/publication/,male
2118392113,reinhard schneider,reinhard,https://academic.microsoft.com/author/2118392113/publication/,male
25748148,romualdo pastorsatorras,romualdo,https://academic.microsoft.com/author/25748148/publication/,male
2606864221,sumantra ghoshal,sumantra,https://academic.microsoft.com/author/2606864221/publication/,male
2572081653,sveneric schelhorn,sveneric,https://academic.microsoft.com/author/2572081653/publication/,male
2944661313,tianping chen,tianping,https://academic.microsoft.com/author/2944661313/publication/,male
2117091029,tomihisa kamada,tomihisa,https://academic.microsoft.com/author/2117091029/publication/,male
729147538,vladimir v mazalov,vladimir,https://academic.microsoft.com/author/729147538/publication/,male
2167694815,vladimir batagelj,vladimir,https://academic.microsoft.com/author/2167694815/publication/,male
2441980945,xiaoming liu,xiaoming,https://academic.microsoft.com/author/2441980945/publication/,male
2127952624,yongyeol ahn,yongyeol,https://academic.microsoft.com/author/2127952624/publication/,male
2129474304,zhengyou zhang,zhengyou,https://academic.microsoft.com/author/2129474304/publication/,male
2172097790,zhisheng duan,zhisheng,https://academic.microsoft.com/author/2172097790/publication/,male
2515242805,zhongkui li,zhongkui,https://academic.microsoft.com/author/2515242805/publication/,male
652370045,alejandro portes,alejandro,https://academic.microsoft.com/author/652370045/publication/,male
160931482,alexander m wyglinski,alexander,https://academic.microsoft.com/author/160931482/publication/,male
1972291593,alexander j smola,alexander,https://academic.microsoft.com/author/1972291593/publication/,male
2256382765,alexander h montgomery,alexander,https://academic.microsoft.com/author/2256382765/publication/,male
2015983224,alexandre a ardichvili,alexandre,https://academic.microsoft.com/author/2015983224/publication/,male
2419915511,changhyun lee,changhyun,https://academic.microsoft.com/author/2419915511/publication/,male
2228415632,changsong zhou,changsong,https://academic.microsoft.com/author/2228415632/publication/,male
2167113372,christian beaulieu,christian,https://academic.microsoft.com/author/2167113372/publication/,male
2638725606,christian heath,christian,https://academic.microsoft.com/author/2638725606/publication/,male
2070727085,christian pich,christian,https://academic.microsoft.com/author/2070727085/publication/,male
2611967104,christian bauckhage,christian,https://academic.microsoft.com/author/2611967104/publication/,male
2188000982,christoph hinz,christoph,https://academic.microsoft.com/author/2188000982/publication/,male
707833924,ellsworth faris,ellsworth,https://academic.microsoft.com/author/707833924/publication/,male
1284005852,evangelos eleftheriou,evangelos,https://academic.microsoft.com/author/1284005852/publication/,male
2288727862,francesco lissoni,francesco,https://academic.microsoft.com/author/2288727862/publication/,male
344364166,francesco bullo,francesco,https://academic.microsoft.com/author/344364166/publication/,male
2165520262,francisco aparecido rodrigues,francisco,https://academic.microsoft.com/author/2165520262/publication/,male
2895149327,hongjiang zhang,hongjiang,https://academic.microsoft.com/author/2895149327/publication/,male
2121931639,jefferson a singer,jefferson,https://academic.microsoft.com/author/2121931639/publication/,male
2779889465,kristofer s j pister,kristofer,https://academic.microsoft.com/author/2779889465/publication/,male
2025344509,marimuthu palaniswami,marimuthu,https://academic.microsoft.com/author/2025344509/publication/,male
2112462370,minghsuan yang,minghsuan,https://academic.microsoft.com/author/2112462370/publication/,male
2143795187,mingsheng shang,mingsheng,https://academic.microsoft.com/author/2143795187/publication/,male
2317295969,sebastien heymann,sebastien,https://academic.microsoft.com/author/2317295969/publication/,male
2144833106,shuicheng yan,shuicheng,https://academic.microsoft.com/author/2144833106/publication/,male
2132327344,siddharth srivastava,siddharth,https://academic.microsoft.com/author/2132327344/publication/,male
142555713,stanislas leibler,stanislas,https://academic.microsoft.com/author/142555713/publication/,male
2162145093,tiancheng lou,tiancheng,https://academic.microsoft.com/author/2162145093/publication/,male
2476563404,yingcheng lai,yingcheng,https://academic.microsoft.com/author/2476563404/publication/,male
2767410593,albertlszl barabsi,albertlszl,https://academic.microsoft.com/author/2767410593/publication/,male
233060415,alessandro acquisti,alessandro,https://academic.microsoft.com/author/233060415/publication/,male
2707826896,alessandro vespignani,alessandro,https://academic.microsoft.com/author/2707826896/publication/,male
2308500502,christofer edling,christofer,https://academic.microsoft.com/author/2308500502/publication/,male
2132327253,cristopher moore,cristopher,https://academic.microsoft.com/author/2132327253/publication/,male
1545294347,jeanclaude latombe,jeanclaude,https://academic.microsoft.com/author/1545294347/publication/,male
2164983246,jukkapekka onnela,jukkapekka,https://academic.microsoft.com/author/2164983246/publication/,male
2071557108,konstantin avrachenkov,konstantin,https://academic.microsoft.com/author/2071557108/publication/,male
2940512256,zhongliang wang,zhongliang,https://academic.microsoft.com/author/2940512256/publication/,male
2128339556,christopher p diehl,christopher,https://academic.microsoft.com/author/2128339556/publication/,male
2048193252,christopher j honey,christopher,https://academic.microsoft.com/author/2048193252/publication/,male
2011752965,jeanjacques e slotine,jeanjacques,https://academic.microsoft.com/author/2011752965/publication/,male
2195478976,albertlaszlo barabasi,albertlaszlo,https://academic.microsoft.com/author/2195478976/publication/,male
1987473140,balakrishnan krishnamurthy,balakrishnan,https://academic.microsoft.com/author/1987473140/publication/,male
2120054463,jeanphilippe thiran,jeanphilippe,https://academic.microsoft.com/author/2120054463/publication/,male
2925008980,massimiliano zanin,massimiliano,https://academic.microsoft.com/author/2925008980/publication/,male
2166132336,massimiliano marcon,massimiliano,https://academic.microsoft.com/author/2166132336/publication/,male
2655216374,ma angeles serrano,ma,https://academic.microsoft.com/author/2655216374/publication/,female
2343985277,ada m lindsey,ada,https://academic.microsoft.com/author/2343985277/publication/,female
2151743448,eva sorensen,eva,https://academic.microsoft.com/author/2151743448/publication/,female
2009277913,eva tardos,eva,https://academic.microsoft.com/author/2009277913/publication/,female
2141813676,lei tang,lei,https://academic.microsoft.com/author/2141813676/publication/,female
2125958825,lin huang,lin,https://academic.microsoft.com/author/2125958825/publication/,female
2169363483,lin xiao,lin,https://academic.microsoft.com/author/2169363483/publication/,female
2623686872,lin wang,lin,https://academic.microsoft.com/author/2623686872/publication/,female
2610664851,nan lin,nan,https://academic.microsoft.com/author/2610664851/publication/,female
2191828109,sue b moon,sue,https://academic.microsoft.com/author/2191828109/publication/,female
2026708256,aino halinen,aino,https://academic.microsoft.com/author/2026708256/publication/,female
2073696130,anat barnir,anat,https://academic.microsoft.com/author/2073696130/publication/,female
2191844773,anna goldenberg,anna,https://academic.microsoft.com/author/2191844773/publication/,female
2115938885,anne l j ter wal,anne,https://academic.microsoft.com/author/2115938885/publication/,female
187159368,anne bollingtoft,anne,https://academic.microsoft.com/author/187159368/publication/,female
2107516614,bela novak,bela,https://academic.microsoft.com/author/2107516614/publication/,female
2155628784,ella m atkins,ella,https://academic.microsoft.com/author/2155628784/publication/,female
77352129,inna kouper,inna,https://academic.microsoft.com/author/77352129/publication/,female
2695496630,jane s norbeck,jane,https://academic.microsoft.com/author/2695496630/publication/,female
2345687710,lada a adamic,lada,https://academic.microsoft.com/author/2345687710/publication/,female
2619396113,lihe zhang,lihe,https://academic.microsoft.com/author/2619396113/publication/,female
2103603712,lisa f berkman,lisa,https://academic.microsoft.com/author/2103603712/publication/,female
1984940772,lise getoor,lise,https://academic.microsoft.com/author/1984940772/publication/,female
1993302424,lois ann scheidt,lois,https://academic.microsoft.com/author/1993302424/publication/,female
1707147546,lynn smithlovin,lynn,https://academic.microsoft.com/author/1707147546/publication/,female
2062335265,mary rogers gillmore,mary,https://academic.microsoft.com/author/2062335265/publication/,female
2039358887,nina romanczukseiferth,nina,https://academic.microsoft.com/author/2039358887/publication/,female
2429767861,ning yu,ning,https://academic.microsoft.com/author/2429767861/publication/,female
2112574952,noga alon,noga,https://academic.microsoft.com/author/2112574952/publication/,female
2866754299,nooy de w,nooy,https://academic.microsoft.com/author/2866754299/publication/,female
66946524,olga veksler,olga,https://academic.microsoft.com/author/66946524/publication/,female
2275925217,reka albert,reka,https://academic.microsoft.com/author/2275925217/publication/,female
2111901679,rumi ghosh,rumi,https://academic.microsoft.com/author/2111901679/publication/,female
2060953334,tina w wey,tina,https://academic.microsoft.com/author/2060953334/publication/,female
230485795,urie bronfenbrenner,urie,https://academic.microsoft.com/author/230485795/publication/,female
2081555490,usha nandini raghavan,usha,https://academic.microsoft.com/author/2081555490/publication/,female
2161065209,ying ding,ying,https://academic.microsoft.com/author/2161065209/publication/,female
2005707679,alice x zheng,alice,https://academic.microsoft.com/author/2005707679/publication/,female
1957442314,aviva geva,aviva,https://academic.microsoft.com/author/1957442314/publication/,female
2925179156,belle l tseng,belle,https://academic.microsoft.com/author/2925179156/publication/,female
2160541616,cathy l mcevoy,cathy,https://academic.microsoft.com/author/2160541616/publication/,female
183997454,charo i del genio,charo,https://academic.microsoft.com/author/183997454/publication/,female
2146335907,charu c aggarwal,charu,https://academic.microsoft.com/author/2146335907/publication/,female
2149064801,danah boyd,danah,https://academic.microsoft.com/author/2149064801/publication/,female
2917285912,deepa narayan,deepa,https://academic.microsoft.com/author/2917285912/publication/,female
1837768759,elena zheleva,elena,https://academic.microsoft.com/author/1837768759/publication/,female
2631401453,elisa giuliani,elisa,https://academic.microsoft.com/author/2631401453/publication/,female
2054729031,ellen bicknell,ellen,https://academic.microsoft.com/author/2054729031/publication/,female
2012842650,ellen bratslavsky,ellen,https://academic.microsoft.com/author/2012842650/publication/,female
2068860363,ellen w zegura,ellen,https://academic.microsoft.com/author/2068860363/publication/,female
2121794025,emily s minor,emily,https://academic.microsoft.com/author/2121794025/publication/,female
1970157954,heike tost,heike,https://academic.microsoft.com/author/1970157954/publication/,female
2104824474,helen sharp,helen,https://academic.microsoft.com/author/2104824474/publication/,female
225331936,holly arrow,holly,https://academic.microsoft.com/author/225331936/publication/,female
2648312118,irene sendinanadal,irene,https://academic.microsoft.com/author/2648312118/publication/,female
164473498,janet w salaff,janet,https://academic.microsoft.com/author/164473498/publication/,female
2105050551,jenny preece,jenny,https://academic.microsoft.com/author/2105050551/publication/,female
2159823517,jiayu pan,jiayu,https://academic.microsoft.com/author/2159823517/publication/,female
2686631399,julie thompson klein,julie,https://academic.microsoft.com/author/2686631399/publication/,female
2031433790,karen s cook,karen,https://academic.microsoft.com/author/2031433790/publication/,female
2634438002,karen stephenson,karen,https://academic.microsoft.com/author/2634438002/publication/,female
2137656347,laura garton,laura,https://academic.microsoft.com/author/2137656347/publication/,female
2033660646,leila cammoun,leila,https://academic.microsoft.com/author/2033660646/publication/,female
2139100149,leila haddad,leila,https://academic.microsoft.com/author/2139100149/publication/,female
2423057781,linda brewster stearns,linda,https://academic.microsoft.com/author/2423057781/publication/,female
2233085243,manju k ahuja,manju,https://academic.microsoft.com/author/2233085243/publication/,female
2618512225,maria blettner,maria,https://academic.microsoft.com/author/2618512225/publication/,female
2655158390,naama barkai,naama,https://academic.microsoft.com/author/2655158390/publication/,female
2235062127,nancy katz,nancy,https://academic.microsoft.com/author/2235062127/publication/,female
2152507894,sarah m dunn,sarah,https://academic.microsoft.com/author/2152507894/publication/,female
2119168297,susan c herring,susan,https://academic.microsoft.com/author/2119168297/publication/,female
2683108562,susan t ennett,susan,https://academic.microsoft.com/author/2683108562/publication/,female
2104642085,zippy erlich,zippy,https://academic.microsoft.com/author/2104642085/publication/,female
2035033153,amanda j broderick,amanda,https://academic.microsoft.com/author/2035033153/publication/,female
2936310005,arpita ghosh,arpita,https://academic.microsoft.com/author/2936310005/publication/,female
155792420,catrin finkenauer,catrin,https://academic.microsoft.com/author/155792420/publication/,female
1280336966,danuta m skowronski,danuta,https://academic.microsoft.com/author/1280336966/publication/,female
2210283206,emilie marie hafnerburton,emilie,https://academic.microsoft.com/author/2210283206/publication/,female
2392787150,janake tornroos,janake,https://academic.microsoft.com/author/2392787150/publication/,female
2345879070,janina i schweiger,janina,https://academic.microsoft.com/author/2345879070/publication/,female
1969576875,kellie b vache,kellie,https://academic.microsoft.com/author/1969576875/publication/,female
2167764923,lauren ancel meyers,lauren,https://academic.microsoft.com/author/2167764923/publication/,female
2809829099,louise young,louise,https://academic.microsoft.com/author/2809829099/publication/,female
2192357399,maryam alavi,maryam,https://academic.microsoft.com/author/2192357399/publication/,female
2071262509,nicole b ellison,nicole,https://academic.microsoft.com/author/2071262509/publication/,female
1987126337,nicole coviello,nicole,https://academic.microsoft.com/author/1987126337/publication/,female
433716556,nieves velez de mendizabal,nieves,https://academic.microsoft.com/author/433716556/publication/,female
2630289589,sharon georgianna,sharon,https://academic.microsoft.com/author/2630289589/publication/,female
2785860123,sherry turkle,sherry,https://academic.microsoft.com/author/2785860123/publication/,female
190349376,sophie achard,sophie,https://academic.microsoft.com/author/190349376/publication/,female
2561711467,souray ray,souray,https://academic.microsoft.com/author/2561711467/publication/,female
1785394198,teresa e seeman,teresa,https://academic.microsoft.com/author/1785394198/publication/,female
2153634740,teresa nelson,teresa,https://academic.microsoft.com/author/2153634740/publication/,female
2435354780,weiwei shen,weiwei,https://academic.microsoft.com/author/2435354780/publication/,female
2225791946,xiaoyu hu,xiaoyu,https://academic.microsoft.com/author/2225791946/publication/,female
2136527817,yusoon kim,yusoon,https://academic.microsoft.com/author/2136527817/publication/,female
2144042109,yvonne rogers,yvonne,https://academic.microsoft.com/author/2144042109/publication/,female
2101313979,yvonne aberg,yvonne,https://academic.microsoft.com/author/2101313979/publication/,female
47978243,zohreh nazeri,zohreh,https://academic.microsoft.com/author/47978243/publication/,female
2200884961,alessia sammarra,alessia,https://academic.microsoft.com/author/2200884961/publication/,female
2944525611,allison m ryan,allison,https://academic.microsoft.com/author/2944525611/publication/,female
2052041758,annalee saxenian,annalee,https://academic.microsoft.com/author/2052041758/publication/,female
1981394464,bernice a pescosolido,bernice,https://academic.microsoft.com/author/1981394464/publication/,female
2632503779,camille roth,camille,https://academic.microsoft.com/author/2632503779/publication/,female
2130748344,candace jones,candace,https://academic.microsoft.com/author/2130748344/publication/,female
2060320685,cynthia e coburn,cynthia,https://academic.microsoft.com/author/2060320685/publication/,female
2925269193,deborah a kashy,deborah,https://academic.microsoft.com/author/2925269193/publication/,female
240570879,deborah prothrowstith,deborah,https://academic.microsoft.com/author/240570879/publication/,female
93535942,dorothy l espelage,dorothy,https://academic.microsoft.com/author/93535942/publication/,female
2339985195,evelien otte,evelien,https://academic.microsoft.com/author/2339985195/publication/,female
270906047,farinaz koushanfar,farinaz,https://academic.microsoft.com/author/270906047/publication/,female
2039327151,hilleke e hulshoff pol,hilleke,https://academic.microsoft.com/author/2039327151/publication/,female
2130548382,jasmine novak,jasmine,https://academic.microsoft.com/author/2130548382/publication/,female
2118005973,jessica l saltz,jessica,https://academic.microsoft.com/author/2118005973/publication/,female
2149311860,johanna mair,johanna,https://academic.microsoft.com/author/2149311860/publication/,female
1917576417,kathryn pavlovich,kathryn,https://academic.microsoft.com/author/1917576417/publication/,female
2098997489,lindsay t graham,lindsay,https://academic.microsoft.com/author/2098997489/publication/,female
2164281919,melissa k holt,melissa,https://academic.microsoft.com/author/2164281919/publication/,female
2135604693,mingrui xia,mingrui,https://academic.microsoft.com/author/2135604693/publication/,female
2151585314,monique laurent,monique,https://academic.microsoft.com/author/2151585314/publication/,female
2254816924,rachael r henkel,rachael,https://academic.microsoft.com/author/2254816924/publication/,female
2161268947,susanne erk,susanne,https://academic.microsoft.com/author/2161268947/publication/,female
2119369234,therese riley,therese,https://academic.microsoft.com/author/2119369234/publication/,female
2174244324,wanqing li,wanqing,https://academic.microsoft.com/author/2174244324/publication/,female
2167396689,wenlian lu,wenlian,https://academic.microsoft.com/author/2167396689/publication/,female
2113869885,xiaodan song,xiaodan,https://academic.microsoft.com/author/2113869885/publication/,female
2156637604,caroline s wagner,caroline,https://academic.microsoft.com/author/2156637604/publication/,female
2019216634,caroline haythornthwaite,caroline,https://academic.microsoft.com/author/2019216634/publication/,female
2609141449,clemence magnien,clemence,https://academic.microsoft.com/author/2609141449/publication/,female
2102982684,danielle s bassett,danielle,https://academic.microsoft.com/author/2102982684/publication/,female
2140363637,dorothea wagner,dorothea,https://academic.microsoft.com/author/2140363637/publication/,female
2191476964,erzsebet ravasz,erzsebet,https://academic.microsoft.com/author/2191476964/publication/,female
2159504853,ginestra bianconi,ginestra,https://academic.microsoft.com/author/2159504853/publication/,female
2275122832,haejeong park,haejeong,https://academic.microsoft.com/author/2275122832/publication/,female
2153126677,jennifer a dunne,jennifer,https://academic.microsoft.com/author/2153126677/publication/,female
2167878756,jennifer lin russell,jennifer,https://academic.microsoft.com/author/2167878756/publication/,female
2061781787,jennifer golbeck,jennifer,https://academic.microsoft.com/author/2061781787/publication/,female
119633740,julianne holtlunstad,julianne,https://academic.microsoft.com/author/119633740/publication/,female
670945504,kathleen d vohs,kathleen,https://academic.microsoft.com/author/670945504/publication/,female
2098520675,kathleen m carley,kathleen,https://academic.microsoft.com/author/2098520675/publication/,female
1964004681,kimberly lochner,kimberly,https://academic.microsoft.com/author/1964004681/publication/,female
2149625712,kristina lerman,kristina,https://academic.microsoft.com/author/2149625712/publication/,female
694899184,margaret c etter,margaret,https://academic.microsoft.com/author/694899184/publication/,female
2101274274,meeyoung cha,meeyoung,https://academic.microsoft.com/author/2101274274/publication/,female
2227171322,michelle girvan,michelle,https://academic.microsoft.com/author/2227171322/publication/,female
2691647209,nathalie del vecchio,nathalie,https://academic.microsoft.com/author/2691647209/publication/,female
2718955494,penelope hawe,penelope,https://academic.microsoft.com/author/2718955494/publication/,female
2307118047,philippa pattison,philippa,https://academic.microsoft.com/author/2307118047/publication/,female
2234458706,tingting yan,tingting,https://academic.microsoft.com/author/2234458706/publication/,female
2121499988,victoria a johnson,victoria,https://academic.microsoft.com/author/2121499988/publication/,female
2174918546,virginia l carrieri,virginia,https://academic.microsoft.com/author/2174918546/publication/,female
2104792438,alejandra martinez,alejandra,https://academic.microsoft.com/author/2104792438/publication/,female
2300379561,alexandra marin,alexandra,https://academic.microsoft.com/author/2300379561/publication/,female
2083079297,catherine lebel,catherine,https://academic.microsoft.com/author/2083079297/publication/,female
2022641365,charlotta windahl,charlotta,https://academic.microsoft.com/author/2022641365/publication/,female
2195215812,christina prell,christina,https://academic.microsoft.com/author/2195215812/publication/,female
2132387760,christine kiss,christine,https://academic.microsoft.com/author/2132387760/publication/,female
2557174447,elizabeth costenbader,elizabeth,https://academic.microsoft.com/author/2557174447/publication/,female
2653049831,elizabeth freeman,elizabeth,https://academic.microsoft.com/author/2653049831/publication/,female
2474881419,elizabeth leicht,elizabeth,https://academic.microsoft.com/author/2474881419/publication/,female
2118618513,katherine c chen,katherine,https://academic.microsoft.com/author/2118618513/publication/,female
1974990196,katherine faust,katherine,https://academic.microsoft.com/author/1974990196/publication/,female
2109643624,katherine j klein,katherine,https://academic.microsoft.com/author/2109643624/publication/,female
1996151347,micheline kamber,micheline,https://academic.microsoft.com/author/1996151347/publication/,female
2105078279,nicolette lakemond,nicolette,https://academic.microsoft.com/author/2105078279/publication/,female
2119753155,alessandra sala,alessandra,https://academic.microsoft.com/author/2119753155/publication/,female
1974797687,alessandra griffa,alessandra,https://academic.microsoft.com/author/1974797687/publication/,female
2152766206,chengxiang zhai,chengxiang,https://academic.microsoft.com/author/2152766206/publication/,female
