author_id,author_name,gender,race
2252586558,lotfi a zadeh,male,Other
727393887,n phanthien,male,East Asian
2227755146,eunjoon cho,male,East Asian
2149175904,satoru kawai,male,East Asian
2599499350,chao tang,male,East Asian
2140673536,y thomas hou,male,East Asian
2166435812,ben y zhao,male,East Asian
2181693782,leon liheng wu,male,East Asian
2630160815,jie lin,male,East Asian
2002213426,jianbo shi,male,East Asian
1916781381,byungnam kahng,male,East Asian
2143724125,mung chiang,male,East Asian
2162788130,guanrong chen,male,East Asian
2275122832,haejeong park,male,East Asian
2141131632,jason i hong,male,East Asian
2171861656,naoki masuda,male,East Asian
2119679967,toshio yamagishi,male,East Asian
2572048205,jianping zhang,male,East Asian
2172097790,zhisheng duan,male,East Asian
2100860776,duo zhang,male,East Asian
2610510160,hichang cho,male,East Asian
2975222557,b bui xuan,male,East Asian
2158012360,jie tang,male,East Asian
2102240352,beom jun kim,male,East Asian
2946978794,yicheng zhang,male,East Asian
2895149327,hongjiang zhang,male,East Asian
2620706523,eric w k tsang,male,East Asian
2623686872,lin wang,male,East Asian
206769630,daizaburo shizuka,male,East Asian
2157918172,wei ren,male,East Asian
2227744130,michael r lyu,male,East Asian
2159823517,jiayu pan,male,East Asian
2105916845,hawoong jeong,male,East Asian
2224718883,hanghang tong,male,East Asian
2112462370,minghsuan yang,male,East Asian
2419915511,changhyun lee,male,East Asian
2420099186,chingtai lin,male,East Asian
2689291799,xiang li,male,East Asian
2097134209,steven h low,male,East Asian
2703292142,xun li,male,East Asian
2157550716,hosung park,male,East Asian
2103435758,minseok song,male,East Asian
2425744831,dong xu,male,East Asian
2143795187,mingsheng shang,male,East Asian
2309260691,xiwei liu,male,East Asian
2441980945,xiaoming liu,male,East Asian
2438622153,wenxu wang,male,East Asian
2807366552,zhongyuan zhang,male,East Asian
2151581994,haijun zhou,male,East Asian
2127952624,yongyeol ahn,male,East Asian
2440085112,jeong han kim,male,East Asian
2137992000,gaolang gong,male,East Asian
2213811539,satoru hayasaka,male,East Asian
2103022394,jie wu,male,East Asian
2105958714,yangyu liu,male,East Asian
2110859160,zhenyu wu,male,East Asian
2137441535,zicheng liu,male,East Asian
2566209759,zhen wang,male,East Asian
2115325288,seung kee han,male,East Asian
2096153312,han woo park,male,East Asian
2114505317,yong zou,male,East Asian
2435354780,weiwei shen,male,East Asian
1989850375,masahiro kimura,male,East Asian
2785343825,bing liu,male,East Asian
2149631809,thomas s huang,male,East Asian
2558675373,jinhui wang,male,East Asian
2157503142,xiaofei he,male,East Asian
2113438569,erjia yan,male,East Asian
2109621001,raymond t ng,male,East Asian
2169363483,lin xiao,male,East Asian
2097525001,jinde cao,male,East Asian
2974228899,z wu,male,East Asian
2141500565,deng cai,male,East Asian
2122391114,huan liu,male,East Asian
2121939561,jiawei han,male,East Asian
2157848085,wenpin tsai,male,East Asian
2435970296,kwang il goh,male,East Asian
2650521881,jun zhang,male,East Asian
2307857036,chuan yang,male,East Asian
2129474304,zhengyou zhang,male,East Asian
2099465354,daizhan cheng,male,East Asian
2973687317,t kamada,male,East Asian
2107876906,yong he,male,East Asian
2117091029,tomihisa kamada,male,East Asian
2125958825,lin huang,male,East Asian
2067629764,andrew b kahng,male,East Asian
2151409538,donguk hwang,male,East Asian
2152778655,xuerui wang,male,East Asian
2476563404,yingcheng lai,male,East Asian
2394571040,wei ni,male,East Asian
2126330539,jian pei,male,East Asian
294294306,ichiro kawachi,male,East Asian
2646458815,juyong park,male,East Asian
2113869885,xiaodan song,male,East Asian
2105720401,tianping chen,male,East Asian
2117210734,kaizhong zhang,male,East Asian
2167396689,wenlian lu,male,East Asian
2144489198,michio kondoh,male,East Asian
2245702983,nhan phan thien,male,East Asian
2160940721,haixuan yang,male,East Asian
2128666145,chaoming song,male,East Asian
2944661313,tianping chen,male,East Asian
2144833106,shuicheng yan,male,East Asian
2162145093,tiancheng lou,male,East Asian
2152766206,chengxiang zhai,male,East Asian
2422184792,tao zhou,male,East Asian
2109031554,qiang yang,male,East Asian
2168356855,xiang ruan,male,East Asian
2099847228,benyu zhang,male,East Asian
2107003637,hongjiang zhang,male,East Asian
2153123546,juyong lee,male,East Asian
2157132620,jianxi gao,male,East Asian
2228415632,changsong zhou,male,East Asian
2141813676,lei tang,male,East Asian
2043434265,takao sasaki,male,East Asian
2110250596,jinhu lu,male,East Asian
2515242805,zhongkui li,male,East Asian
2142158836,rowland r kao,male,East Asian
2111286164,bengchong lim,male,East Asian
2146161571,chang no yoon,male,East Asian
1980401443,thomas y choi,male,East Asian
2422903718,kingsun fu,male,East Asian
2715558004,yang wang,male,East Asian
2656995071,hao ma,male,East Asian
2121363826,irwin king,male,East Asian
2160651145,yicheng zhang,male,East Asian
2191051789,duanbing chen,male,East Asian
2421657768,jun dong,male,East Asian
2226227572,xiaofan wang,male,East Asian
2500116311,curtis w chen,male,East Asian
2619396113,lihe zhang,male,East Asian
2104171312,zidong wang,male,East Asian
2166036605,qiaozhu mei,male,East Asian
2168527748,huchuan lu,male,East Asian
2167032303,stephen lin,male,East Asian
2610664851,nan lin,male,East Asian
2105834143,wenwu yu,male,East Asian
2132063513,haewoon kwak,male,East Asian
2225791946,xiaoyu hu,male,East Asian
2174244324,wanqing li,male,East Asian
2584951063,junan lu,male,East Asian
2485322213,ray reagans,male,Black/African
114899309,qawi k telesford,male,Black/African
2527178654,c brandon ogbunugafor,male,Black/African
2617375404,mohsen jamali,male,Middle Eastern
47978243,zohreh nazeri,male,Middle Eastern
1994589778,tolga eren,male,Middle Eastern
368345771,nadav kashtan,male,Middle Eastern
472570005,iyad rahwan,male,Middle Eastern
1970575723,moshe y vardi,male,Middle Eastern
131739572,babak pourbohloul,male,Middle Eastern
73721942,rami alrfou,male,Middle Eastern
341001588,reza olfatisaber,male,Middle Eastern
2014033501,sasha a barab,male,Middle Eastern
1973366468,reuven aviv,male,Middle Eastern
2131580547,alireza abbasi,male,Middle Eastern
2973617478,y saad,male,Middle Eastern
2003989378,liaquat hossain,male,Middle Eastern
1862760335,bijan parsia,male,Middle Eastern
254511066,murat arcak,male,Middle Eastern
2305277957,eytan adar,male,Middle Eastern
2337605511,mohammad amin shokrollahi,male,Middle Eastern
202235199,kousha etessami,male,Middle Eastern
1969841945,reza olfati saber,male,Middle Eastern
2133433785,muhammed a yildirim,male,Middle Eastern
341688178,ali jadbabaie,male,Middle Eastern
2040103212,ramin zabih,male,Middle Eastern
1927775022,hamed haddadi,male,Middle Eastern
2617115591,reuven cohen,male,Middle Eastern
137426811,nathan linial,male,Middle Eastern
2074339028,alex fornito,male,White/European
2070965055,eran toch,male,White/European
1980542405,karl e bauman,male,White/European
2275918092,marc barthlemy,male,White/European
1515786896,gabor csardi,male,White/European
156439643,klaus hubacek,male,White/European
2708410718,peter welsch,male,White/European
1847093830,arthur c sanderson,male,White/European
2120504366,manlio de domenico,male,White/European
2147934765,matheus palhares viana,male,White/European
892854437,michael haenlein,male,White/European
2070727085,christian pich,male,White/European
2164726177,frank schweitzer,male,White/European
1903060929,david peleg,male,White/European
2193112926,massimiliano zanin,male,White/European
1820670915,a turtschi,male,White/European
2137536151,andrew crooks,male,White/European
2094990544,andrew zalesky,male,White/European
2050114355,harold h kelley,male,White/European
1965813356,maksim kitsak,male,White/European
1986118520,jacques carlier,male,White/European
2945464498,jeffrey g andrews,male,White/European
2021423947,riley crane,male,White/European
2064746475,daniel b stouffer,male,White/European
2433879969,e gomez,male,White/European
2973854675,m h schultz,male,White/European
2305700049,uwe hobohm,male,White/European
274731230,eric d kolaczyk,male,White/European
2079032315,kurt konolige,male,White/European
2280615501,rene s kahn,male,White/European
2562719856,james r jackson,male,White/European
2159748280,james p ostrowski,male,White/European
2467357744,jordi sabater,male,White/European
2097868833,gerald c kane,male,White/European
2136804811,linton c freeman,male,White/European
2067196623,martin ester,male,White/European
2062957773,brandon whitcher,male,White/European
242635728,edoardo m airoldi,male,White/European
2144180807,talcott parsons,male,White/European
1976666824,fabricio benevenuto,male,White/European
2118586410,michael kearns,male,White/European
2305161838,maximilian schich,male,White/European
2978571709,w t tutte,male,White/European
2138467178,hajo a reijers,male,White/European
670901035,john skvoretz,male,White/European
2119113135,marc a smith,male,White/European
2042485724,yuri boykov,male,White/European
2137221145,david kempe,male,White/European
2157086078,yamir moreno,male,White/European
701608993,dennis f galletta,male,White/European
632189317,dieter jungnickel,male,White/European
2480429623,thomas a schreiber,male,White/European
2811329581,andreas wagner,male,White/European
2101794764,douglas r white,male,White/European
2273217107,fernand meyer,male,White/European
2054825456,michael breakspear,male,White/European
2609141449,clemence magnien,male,White/European
2138429372,sinan aral,male,White/European
2151215268,sidney redner,male,White/European
2198855251,ivan gutman,male,White/European
1978829372,norbert marwan,male,White/European
2951420354,mark verwoerd,male,White/European
2093688085,rob kling,male,White/European
2157757235,dean l urban,male,White/European
1999402965,mark verwoerd,male,White/European
2097273326,yair weiss,male,White/European
1980470940,boris v cherkassky,male,White/European
2188681046,illes j farkas,male,White/European
2046236816,edward t bullmore,male,White/European
2173058725,jochen konemann,male,White/European
2235985702,joseph galaskiewicz,male,White/European
2140736851,martin h schultz,male,White/European
1999253335,martin rosvall,male,White/European
2040364821,rainer kummerle,male,White/European
2135348735,jeffrey c johnson,male,White/European
2199275230,matthew o jackson,male,White/European
2124413495,michael l nelson,male,White/European
2095381979,stephen e fienberg,male,White/European
652370045,alejandro portes,male,White/European
2188000982,christoph hinz,male,White/European
2195478976,albertlaszlo barabasi,male,White/European
2272228298,diego garlaschelli,male,White/European
2248192384,filippo menczer,male,White/European
2022337617,james b glattfelder,male,White/European
2261367123,jon m kleinberg,male,White/European
2012482624,lev muchnik,male,White/European
1264307526,eric a treml,male,White/European
703112618,henri tajfel,male,White/European
180541493,pedro jordano,male,White/European
1226911827,ulrik brandes,male,White/European
2120550509,martin g everett,male,White/European
1340226678,martin bichler,male,White/European
2124555779,roland l dunbrack,male,White/European
1982781389,dominic abrams,male,White/European
58999047,francois baccelli,male,White/European
720924201,nicholas a christakis,male,White/European
2015983224,alexandre a ardichvili,male,White/European
2165520262,francisco aparecido rodrigues,male,White/European
2128339556,christopher p diehl,male,White/European
2191476964,erzsebet ravasz,male,White/European
2122821925,james j collins,male,White/European
1967546095,alex pentland,male,White/European
2041356507,j bradley layton,male,White/European
2571140389,ken a smith,male,White/European
2100498378,chip elliott,male,White/European
2161915041,john coleman,male,White/European
346545156,claus c hilgetag,male,White/European
400323076,james d hollan,male,White/European
2110193121,mario albrecht,male,White/European
2526899345,slaven marusic,male,White/European
97704749,herbert van de sompel,male,White/European
2104880928,massimo marchiori,male,White/European
2303511158,giuseppe labianca,male,White/European
2103209234,bruce j west,male,White/European
2972098684,william l hays,male,White/European
2161165944,per hage,male,White/European
2097180423,roy f baumeister,male,White/European
1966275690,johan koskinen,male,White/European
2084345891,jordi bascompte,male,White/European
2052013336,mason a porter,male,White/European
2156764872,martin gargiulo,male,White/European
577668700,samuel d gosling,male,White/European
43551179,stephen p borgatti,male,White/European
343811326,wolfram burgard,male,White/European
288858733,ciro cattuto,male,White/European
2116293049,jordi duch,male,White/European
2168957985,peter f stadler,male,White/European
2288765026,scott l feld,male,White/European
2326573454,oliver grimm,male,White/European
2171198665,ronald s burt,male,White/European
689471502,yannis a dimitriadis,male,White/European
1988659955,martijn p van den heuvel,male,White/European
321944391,olivier dousse,male,White/European
2289045041,richard m emerson,male,White/European
2012109796,william s hesterly,male,White/European
647108882,matthieu latapy,male,White/European
2164983246,jukkapekka onnela,male,White/European
191364024,eric berlow,male,White/European
2302147656,daniel b larremore,male,White/European
2948188776,jooyoung lee,male,White/European
2200137649,ron milo,male,White/European
2081760096,roy levien,male,White/European
2015972736,alan mislove,male,White/European
2171851496,luis a nunes amaral,male,White/European
2405775641,david kirsh,male,White/European
2055875777,fabio pasqualetti,male,White/European
2472878894,jurgen kurths,male,White/European
2099416691,martin bell,male,White/European
2069656492,patric hagmann,male,White/European
2321730078,steven sampson,male,White/European
2041863746,michael l tushman,male,White/European
233060415,alessandro acquisti,male,White/European
2094563821,matjaž perc,male,White/European
2063510571,jonathan f donges,male,White/European
2973752747,r e collin,male,White/European
2193284825,alan s perelson,male,White/European
1979641284,mark s ackerman,male,White/European
2947030748,david a kenny,male,White/European
2236920176,david m mayer,male,White/European
323766894,marco iansiti,male,White/European
2810629069,andrew parker,male,White/European
2155623579,gaylen n chandler,male,White/European
2095776195,michel minoux,male,White/European
2172291164,matthew james keeling,male,White/European
2674978812,stephan gerhard,male,White/European
1719324253,timothy h keitt,male,White/European
2132886310,g page west,male,White/European
2116846131,j a bondy,male,White/European
2075617528,damien r farine,male,White/European
2367545176,ricard v sole,male,White/European
2948074207,jari saramaki,male,White/European
2185101206,shai s shenorr,male,White/European
2310499632,david i shuman,male,White/European
1688201687,kevin macon,male,White/European
8917310,dmitri b chklovskii,male,White/European
681153830,joseph m whitmeyer,male,White/European
2108917702,oliver mason,male,White/European
2126599289,andreas m kaplan,male,White/European
2138160959,andreas heinz,male,White/European
1990986594,laurenz wiskott,male,White/European
646841829,michael tyworth,male,White/European
2107142044,stephen p boyd,male,White/European
2866754299,nooy de w,male,White/European
859058238,amos maritan,male,White/European
2627549943,h eugene stanley,male,White/European
2153896853,giacomo fiumara,male,White/European
2046372634,paul duguid,male,White/European
1157737953,alain barrat,male,White/European
2238409327,chris sander,male,White/European
2099872102,marcus kaiser,male,White/European
2118429164,antonio ortega,male,White/European
60870194,fredrik liljeros,male,White/European
205378489,stefano breschi,male,White/European
2710894913,william lee hays,male,White/European
2286602817,francesc giralt,male,White/European
2555335315,jonathan d zwi,male,White/European
160931482,alexander m wyglinski,male,White/European
2425161283,balazs vedres,male,White/European
2971141404,allan w wicker,male,White/European
2315507133,t gregory dewey,male,White/European
550125002,peter nijkamp,male,White/European
2569376642,leo breiman,male,White/European
2222907328,axel schafer,male,White/European
2617392572,mark s mizruchi,male,White/European
2125205813,henry a finch,male,White/European
2121348433,peter g doyle,male,White/European
2162563896,steve horvath,male,White/European
2138805444,duncan j watts,male,White/European
680051270,martin kilduff,male,White/European
1403534087,stefan bornholdt,male,White/European
1809601764,youcef saad,male,White/European
2171598284,michael scharf,male,White/European
217254169,michael s floater,male,White/European
2220829341,christos h papadimitriou,male,White/European
2287883854,sergi valverde,male,White/European
2465904099,andreas daffertshofer,male,White/European
2016348909,emmanouil tranos,male,White/European
2971775768,william lee hays,male,White/European
2026903385,john hassard,male,White/European
2891979224,max weber,male,White/European
2466761586,rui mendes,male,White/European
2008075735,hans meinhardt,male,White/European
2101777055,john j tyson,male,White/European
2143987510,john c doyle,male,White/European
2107451820,john seely brown,male,White/European
2082712981,david lazer,male,White/European
2002906405,edwin hutchins,male,White/European
1938534509,andrew c inkpen,male,White/European
2161805401,eugene guth,male,White/European
1248398100,marius leordeanu,male,White/European
2096778673,douglas l nelson,male,White/European
2677917981,gabriel y handler,male,White/European
294360276,mihalis yannakakis,male,White/European
2167694815,vladimir batagelj,male,White/European
25302217,elvind almaas,male,White/European
2161768608,r i tanner,male,White/European
2919421740,jurgen kurths,male,White/European
2059520746,steven d prager,male,White/European
2168090886,brad h mcrae,male,White/European
1833804002,imre derenyi,male,White/European
98853548,tage skjoettlarsen,male,White/European
2248806669,barry d davidson,male,White/European
2122189410,santo fortunato,male,White/European
167846847,bernat corominasmurtra,male,White/European
2251690017,carles sierra,male,White/European
2100888799,justin cranshaw,male,White/European
2648196515,norman,male,White/European
350567680,robert endre tarjan,male,White/European
1995808116,richard m leahy,male,White/European
2020973255,william l cook,male,White/European
707833924,ellsworth faris,male,White/European
2026348770,saul perlmutter,male,White/European
2125594995,a stephen morse,male,White/European
280094779,przemyslaw kazienko,male,White/European
2101403363,p r villas boas,male,White/European
2141358683,gyorgy szabo,male,White/European
2066282134,tim finin,male,White/European
2099351547,fred buckley,male,White/European
2689133139,john seely brown,male,White/European
2474030854,john suckling,male,White/European
1993486354,loet leydesdorff,male,White/European
599695746,reto meuli,male,White/European
2070057884,james p bagrow,male,White/European
1887629390,janos kertesz,male,White/European
2595682946,peter witt,male,White/European
173848757,scott t grafton,male,White/European
2563470188,martin summer,male,White/European
2111730653,robert k merton,male,White/European
2166132336,massimiliano marcon,male,White/European
2172281910,stephen c. north,male,White/European
2121523866,chris h wiggins,male,White/European
2955990937,donald b johnson,male,White/European
1963961978,marc barthelemy,male,White/European
165449881,jacob torfing,male,White/European
2015015692,aniket kittur,male,White/European
2232072325,jerome kunegis,male,White/European
2142939774,erikhans klijn,male,White/European
2126028100,kristian moller,male,White/European
2274291332,ederyn williams,male,White/European
2779405296,cameron marlow,male,White/European
2109902681,donald m arnold,male,White/European
2120527611,padraig cunningham,male,White/European
2567533895,gabor fath,male,White/European
2203993229,pasquale de meo,male,White/European
2038891902,joop koppenjan,male,White/European
1930867258,david j galas,male,White/European
2798761059,frank harary,male,White/European
1908222809,paolo crucitti,male,White/European
2617629123,peter smith ring,male,White/European
1983969181,martin haenggi,male,White/European
2016077728,adilson e motter,male,White/European
2073997785,giorgio grisetti,male,White/European
2087233832,michael luby,male,White/European
2311907280,geoffrey m kistruck,male,White/European
2012695975,jonathan p sleeman,male,White/European
2097618952,a pellionisz,male,White/European
2789752059,a r calderbank,male,White/European
90469688,roy d pea,male,White/European
2096675187,ezra w zuckerman,male,White/European
1913813444,leon danon,male,White/European
2048884539,brian uzzi,male,White/European
2173109630,david a fell,male,White/European
2106237846,peter m blau,male,White/European
1912508384,peter j carrington,male,White/European
100648250,norman m sadeh,male,White/European
1217235413,robert c brunham,male,White/European
2026323400,ronald rousseau,male,White/European
2919228663,anthony goerzen,male,White/European
2094830673,kenneth d butterfield,male,White/European
25748148,romualdo pastorsatorras,male,White/European
2115938885,anne l j ter wal,male,White/European
2156931689,michael macy,male,White/European
2277136547,samuel v scarpino,male,White/European
431903201,l el ghaoui,male,White/European
2127645396,l da f costa,male,White/European
2103831443,arent greve,male,White/European
65976662,frank harary,male,White/European
260408660,gilad ravid,male,White/European
2041808030,pawel winter,male,White/European
135049861,maziar nekovee,male,White/European
2798727603,steven andrews,male,White/European
2780435491,steven vajda,male,White/European
40272620,yassen assenov,male,White/European
2047627327,tommaso venturini,male,White/European
2118392113,reinhard schneider,male,White/European
2121931639,jefferson a singer,male,White/European
2039327151,hilleke e hulshoff pol,male,White/European
2675267302,johan giesecke,male,White/European
567419275,dmitri krioukov,male,White/European
2109177743,a m henderson,male,White/European
2946905561,andrás schubert,male,White/European
2116687568,j laurie snell,male,White/European
2080025251,seapahn meguerdichian,male,White/European
2688717521,j schnakenberg,male,White/European
2001450853,jean paul thiery,male,White/European
2312484960,jo brown,male,White/European
2124123939,jay yellen,male,White/European
2006674552,risi kondor,male,White/European
2918241356,rolf kotter,male,White/European
1981770215,ryan chute,male,White/European
1256647149,jacek radzikowski,male,White/European
180888741,mayer n zald,male,White/European
2207867784,andrew h van de ven,male,White/European
2131293038,andrew mccallum,male,White/European
68434119,howard a zebker,male,White/European
2084224747,marvin zelen,male,White/European
309536911,thomas w kamarck,male,White/European
2300869256,walter j m kickert,male,White/European
2160665213,richard m murray,male,White/European
2198983026,christos faloutsos,male,White/European
2321492888,peter j lamberson,male,White/European
2950173954,matthieu latapy,male,White/European
2028428744,bruce kogut,male,White/European
2002613147,david eppstein,male,White/European
2124028641,david d jensen,male,White/European
2134261273,lance doherty,male,White/European
2117376714,peter j mucha,male,White/European
131207725,daniel t blumstein,male,White/European
2233878446,elijah wright,male,White/European
111975288,marian boguna,male,White/European
2574684131,robert l kahn,male,White/European
630663198,shlomo havlin,male,White/European
74792332,bostjan antoncic,male,White/European
2184928795,christo wilson,male,White/European
2788760716,richard j williams,male,White/European
2402136119,hans j herrmann,male,White/European
2973575036,sheldon b akers,male,White/European
2102593089,harrison c white,male,White/European
2168625971,alan shiell,male,White/European
2106192455,luis e c rocha,male,White/European
2050186710,garry robins,male,White/European
2094778777,peter d hoff,male,White/European
2251891803,ignasi marti,male,White/European
2055318561,zoltan neda,male,White/European
2083100286,nicola perra,male,White/European
2952685347,michel minoux,male,White/European
1965588777,urs braun,male,White/European
301106008,bent flyvbjerg,male,White/European
2108037768,barry wellman,male,White/European
2585984633,scott white,male,White/European
305618809,serge j belongie,male,White/European
2062182191,telmo menezes,male,White/European
2272559081,adrian a canutescu,male,White/European
1998335764,andrej mrvar,male,White/European
1986498546,daniel a spielman,male,White/European
109847712,wouter de nooy,male,White/European
1966772175,andreas lommatzsch,male,White/European
2159818852,jeffrey j mcdonnell,male,White/European
2576151295,michael boss,male,White/European
2621303246,phillip bonacich,male,White/European
2137074633,padhraic smyth,male,White/European
344364166,francesco bullo,male,White/European
2420248355,deok sun lee,male,White/European
2053543515,steven skiena,male,White/European
2046927040,uri alon,male,White/European
571282587,karl e weick,male,White/European
2158792855,lars w hagen,male,White/European
2171101665,mark reed,male,White/European
2060843742,alain degenne,male,White/European
149531881,david libennowell,male,White/European
2553922951,harry m hoberman,male,White/European
2079916808,miles kahler,male,White/European
2165626249,george c homans,male,White/European
66175553,lowell w busenitz,male,White/European
2643200759,thomas ashby wills,male,White/European
8790322,vitaly shmatikov,male,White/European
798163,carsten wiuf,male,White/European
2947572607,richard f betzel,male,White/European
2574613491,jeanmarc fellous,male,White/European
2521759276,nicholas f wymbs,male,White/European
2006096629,paul d h hines,male,White/European
2236942756,magnus egerstedt,male,White/European
252321027,kristofer s j pister,male,White/European
2976247323,a ferreira,male,White/European
2167938217,andrew j edelman,male,White/European
2628398253,s rothschild,male,White/European
2907059252,john d teasdale,male,White/European
2484113080,darko hric,male,White/European
85458277,lucio biggiero,male,White/European
2142498905,alexei vazquez,male,White/European
2619839645,petter holme,male,White/European
2232643073,robert m may,male,White/European
2000978484,anthony stefanidis,male,White/European
225233962,antonio bicchi,male,White/European
2238704074,joaquin goni,male,White/European
2126791821,kenneth a de jong,male,White/European
2088335365,michael p h stumpf,male,White/European
2925008980,massimiliano zanin,male,White/European
2392787150,janake tornroos,male,White/European
1593440845,joseph loscalzo,male,White/European
1970090850,s boccaletti,male,White/European
2155086231,john g watson,male,White/European
684323845,gary chartrand,male,White/European
1983756286,bryan perozzi,male,White/European
2116002654,jaroslav nesetril,male,White/European
2631872870,ake j holmgren,male,White/European
2096344980,joel bernstein,male,White/European
2119774666,fidel ramirez,male,White/European
2305085776,nenad mladenovic,male,White/European
2043784705,andrew a shelenkov,male,White/European
2302554261,gerome miklau,male,White/European
2153122518,thomas w valente,male,White/European
2073090198,thomas hahn,male,White/European
1453920704,xavier gigandet,male,White/European
2123184461,timothy b smith,male,White/European
1979476267,cornelis j stam,male,White/European
2638725606,christian heath,male,White/European
2317295969,sebastien heymann,male,White/European
2011752965,jeanjacques e slotine,male,White/European
87472774,kim sneppen,male,White/European
2779549002,gabor szabo,male,White/European
2126750883,kevin j lang,male,White/European
2978059839,norman,male,White/European
1887834771,jaap c reijneveld,male,White/European
2764735131,john law,male,White/European
2110352321,john thibaut,male,White/European
2120920645,david s johnson,male,White/European
1338467800,peter salovey,male,White/European
2722147625,peter v marsden,male,White/European
1353714631,andrej krevl,male,White/European
1914371560,daniel j brass,male,White/European
2925271333,patric hagmann,male,White/European
2082634338,sverre grimnes,male,White/European
1980563821,tomasz radzik,male,White/European
1284005852,evangelos eleftheriou,male,White/European
1969576875,kellie b vache,male,White/European
719665695,bela bollobas,male,White/European
2975531819,a jarry,male,White/European
2766329864,john short,male,White/European
2150544969,james h gray,male,White/European
2157091523,jerome h friedman,male,White/European
2071162969,mikail rubinov,male,White/European
2786058412,gergely palla,male,White/European
2131974076,raymond salvador,male,White/European
2112716162,william t freeman,male,White/European
2440604528,jonathan d cohen,male,White/European
2767410593,albertlszl barabsi,male,White/European
1545294347,jeanclaude latombe,male,White/European
230485795,urie bronfenbrenner,male,White/European
2127109880,neil f johnson,male,White/European
2188387283,renaud lambiotte,male,White/European
2151915033,thilo gross,male,White/European
1913750913,stefano battiston,male,White/European
2566815819,dietermichael arnold,male,White/European
270949118,wil m p van der aalst,male,White/European
234889175,george wittemyer,male,White/European
2542692433,s n dorogovtsev,male,White/European
2116515527,per olsson,male,White/European
2444126633,ted g lewis,male,White/European
369089569,tom a b snijders,male,White/European
2575070308,bruno langlois,male,White/European
2695647148,james a hendler,male,White/European
2040470435,peter willmott,male,White/European
2778718891,hubert m james,male,White/European
732463281,stefan thurner,male,White/European
2162788439,thomas richardson,male,White/European
2100015512,winsor h lowe,male,White/European
2138986978,anthony r mcintosh,male,White/European
265631590,lazaros k gallos,male,White/European
2306016062,mathieu jacomy,male,White/European
2111172571,michael hay,male,White/European
2324804662,luciano pietronero,male,White/European
2151956684,denny borsboom,male,White/European
2149154696,p de la fuente,male,White/European
2016756961,richard f betzel,male,White/European
2344016581,carl folke,male,White/European
1916892598,paul dimaggio,male,White/European
2012545385,cliff lampe,male,White/European
2147130370,james s coleman,male,White/European
2346614798,edward shils,male,White/European
2125055532,philip j barnard,male,White/European
2146514593,michael l roderick,male,White/European
337649355,richard a olshen,male,White/European
2256382765,alexander h montgomery,male,White/European
19391519,iain d couzin,male,White/European
2558876329,tim rowley,male,White/European
2014009537,luis mario floria,male,White/European
71963461,filip agneessens,male,White/European
2207522298,robin wilson,male,White/European
2122713744,donald w gross,male,White/European
2096757674,duncan s callaway,male,White/European
128580411,thomas lengauer,male,White/European
2112574952,noga alon,male,White/European
2561711467,souray ray,male,White/European
2128448371,j a fax,male,White/European
2081356376,thomas ashby wills,male,White/European
668764113,ben shneiderman,male,White/European
967816195,ian brissette,male,White/European
718552027,piet van mieghem,male,White/European
1292959705,mikko kivela,male,White/European
2781233234,daniel s halgin,male,White/European
2241302595,donald b johnson,male,White/European
2798387425,herbert j carlin,male,White/European
2310195912,mathieu bastian,male,White/European
2108392708,sheldon cohen,male,White/European
2107516614,bela novak,male,White/European
2109374168,michael small,male,White/European
1644299099,j j hyvonen,male,White/European
2209426836,dean lusher,male,White/European
2056846416,mark granovetter,male,White/European
2255982538,noah e friedkin,male,White/European
2149865473,sune lehmann,male,White/European
2098049953,brett g dickson,male,White/European
2097966160,johan bollen,male,White/European
62967857,peter druschel,male,White/European
1954994128,roger guimera,male,White/European
2288727862,francesco lissoni,male,White/European
2138291554,j doyne farmer,male,White/European
2977296183,z robert,male,White/European
1538394340,aric hagberg,male,White/European
2045864003,karl j friston,male,White/European
2914266638,gyula i szabo,male,White/European
2125127983,daniel katz,male,White/European
2127339429,helmut elsinger,male,White/European
285776135,michel forse,male,White/European
688088336,shalev itzkovitz,male,White/European
2943370720,stefan wuchty,male,White/European
1387271665,antonio scala,male,White/European
2162688498,charles j stone,male,White/European
2235695405,kenneth l calvert,male,White/European
2021322682,michael batty,male,White/European
2940512256,zhongliang wang,male,White/European
2264216600,dirk brockmann,male,White/European
2244449681,stuart a kauffman,male,White/European
2047672443,carsten rother,male,White/European
2327699442,lutzingo mielsch,male,White/European
2627815897,andras schubert,male,White/European
1989569716,r duane ireland,male,White/European
2950166079,s l syme,male,White/European
2777125671,alan c evans,male,White/European
1968209981,erik brynjolfsson,male,White/European
1878631932,jure leskovec,male,White/European
2181857560,mark s handcock,male,White/European
2922121546,rick hooper,male,White/European
2894994352,brian karrer,male,White/European
2766870918,bruce christie,male,White/European
2113667310,kevin j dooley,male,White/European
2618771649,nenad trinajstic,male,White/European
2130087974,tomas feder,male,White/European
2063844727,pascal frossard,male,White/European
729147538,vladimir v mazalov,male,White/European
2611967104,christian bauckhage,male,White/European
2120054463,jeanphilippe thiran,male,White/European
2011912922,peter a gloor,male,White/European
2167952064,desmond j higham,male,White/European
2131371111,derek greene,male,White/European
2912299321,jp onnela,male,White/European
2127341518,carl t bergstrom,male,White/European
2134305380,bruce p kennedy,male,White/European
197852453,jesus gomezgardenes,male,White/European
2130754085,andrew tomkins,male,White/European
2063416482,darren p croft,male,White/European
2138507242,miller mcpherson,male,White/European
224018203,steven h strogatz,male,White/European
223264636,william f fagan,male,White/European
1423194956,emanuele cozzo,male,White/European
2076380449,jonathan h burdette,male,White/European
1013389924,pavol hell,male,White/European
2950343322,slaven marusic,male,White/European
2974122918,j barraquand,male,White/European
2119336571,w t weeks,male,White/European
2126099518,john w mitchell,male,White/European
276730995,dante r chialvo,male,White/European
2254745624,attila szolnoki,male,White/European
2140027952,morten t hansen,male,White/European
2397817241,claudio castellano,male,White/European
2799246700,reinhard diestel,male,White/European
2229421897,n kuiger,male,White/European
2780331515,a s lodge,male,White/European
2973545313,c t zahn,male,White/European
2851340210,richard p hooper,male,White/European
2156066232,jens krause,male,White/European
597627890,john p ulhoi,male,White/European
2105918681,john s selker,male,White/European
2096207090,lars backstrom,male,White/European
2146613377,seth a myers,male,White/European
2273705048,david a ralston,male,White/European
2614590065,steve gregory,male,White/European
690110789,andrew zacharakis,male,White/European
1869364368,hafedh mili,male,White/European
2108034607,henrik walter,male,White/European
2149203006,markus weiler,male,White/European
2119647875,pascal pons,male,White/European
2693515964,robert g eccles,male,White/European
2057996487,zoltan n oltvai,male,White/European
349457702,anthony giddens,male,White/European
2101365550,martial hebert,male,White/European
2810676849,stefano mossa,male,White/European
263994822,charless c fowlkes,male,White/European
1972291593,alexander j smola,male,White/European
2308500502,christofer edling,male,White/European
2163898492,brian d o anderson,male,White/European
2226546923,b rubia,male,White/European
2974020484,j cohen,male,White/European
1990618914,john d teasdale,male,White/European
2951739835,mark s handcock,male,White/European
2169727520,jon norberg,male,White/European
2166051365,neo d martinez,male,White/European
419511944,ron boschma,male,White/European
2545088079,tore opsahl,male,White/European
371328160,albert soleribalta,male,White/European
2762317175,robert edmund wilson,male,White/European
2071557108,konstantin avrachenkov,male,White/European
2098997489,lindsay t graham,male,White/European
2711919227,allan w wicker,male,White/European
1826799450,kimmo kaski,male,White/European
2137065126,albert bandura,male,White/European
1802226256,andreas meyerlindenberg,male,White/European
1988080645,michael mitzenmacher,male,White/European
2146726778,richard n cardozo,male,White/European
562324220,dirk helbing,male,White/European
1527874137,christoph von der malsburg,male,White/European
2974363770,c elliott,male,White/European
2125030531,leo grady,male,White/European
363191356,henk w berendse,male,White/European
1574193856,john c paolillo,male,White/European
2166937360,john watson,male,White/European
2785026101,john scott,male,White/European
119553224,hauke strasdat,male,White/European
2185363493,james kennedy,male,White/European
2159873490,ferenc jordan,male,White/European
2163599213,justin w webb,male,White/European
2087193645,michael woolcock,male,White/European
2167113372,christian beaulieu,male,White/European
1998727738,joshua lospinoso,male,White/European
292272537,stefano allesina,male,White/European
2776314865,n k jerne,male,White/European
2137555013,reid andersen,male,White/European
2127714412,james s waters,male,White/European
2011148271,ken t d eames,male,White/European
2200912411,max weber,male,White/European
2120439602,rob cross,male,White/European
2148854578,roy rada,male,White/European
2119871048,john c macdonald,male,White/European
51919298,paul j laurienti,male,White/European
2054945303,vito latora,male,White/European
2108203046,james w kirchner,male,White/European
1908336426,tamas vicsek,male,White/European
1850815613,andrea lancichinetti,male,White/European
2573173908,robert e collin,male,White/European
2503588034,stefan burr,male,White/European
133190836,gonzalo travieso,male,White/European
2233085770,michael e porter,male,White/European
2132327253,cristopher moore,male,White/European
2021652723,guido caldarelli,male,White/European
739556534,bálint tombor,male,White/European
2129291095,andrew v goldberg,male,White/European
2111168551,bernard r brooks,male,White/European
2710718375,j f f mendes,male,White/European
2157809153,alex arenas,male,White/European
2102732916,evan h campbell grant,male,White/European
1987934814,juan alberto rodriguezvelazquez,male,White/European
2343984311,rolf sternberg,male,White/European
2034293391,andrew mcafee,male,White/European
157725681,hernan a makse,male,White/European
2105422751,holger ebel,male,White/European
2611391658,manuel castells,male,White/European
1326542699,matjaz perc,male,White/European
2549296219,murray a beauchamp,male,White/European
60142663,sergey v buldyrev,male,White/European
2779889465,kristofer s j pister,male,White/European
2160399502,james p gleeson,male,White/European
1826103393,sonia kefi,male,White/European
207613992,paolo ciuccarelli,male,White/European
2950295869,wayne w zachary,male,White/European
2963263805,david a kenny,male,White/European
2427942192,m e j newman,male,White/European
2163866255,nick lee,male,White/European
1274808907,olaf sporns,male,White/European
1443137112,aaron clauset,male,White/European
2524419254,bruce c skaggs,male,White/European
2114003991,ralph gross,male,White/European
2930417698,michel deza,male,White/European
2099733369,pierre hansen,male,White/European
1996732661,alberto sanfeliu,male,White/European
128842699,mustafa emirbayer,male,White/European
142555713,stanislas leibler,male,White/European
2707826896,alessandro vespignani,male,White/European
183997454,charo i del genio,male,White/European
2777174691,david a ralston,male,White/European
2133260760,jeffrey g andrews,male,White/European
2138526971,george j pappas,male,White/European
2394749673,m e j newman,male,White/European
2689672205,mark buchanan,male,White/European
2141720558,david j ketchen,male,White/European
2582396414,james m cook,male,White/European
2035405562,albert diazguilera,male,White/European
2715967903,benoit morel,male,White/European
134908595,carlos f daganzo,male,White/European
339338457,robert c liden,male,White/European
2087328515,thomas erlebach,male,White/European
2334460996,aleksei y kondratev,male,White/European
2123091955,charles t zahn,male,White/European
269061945,charles steinfield,male,White/European
2928981443,hassard,male,White/European
2048193252,christopher j honey,male,White/European
2943211080,manlio de domenico,male,White/European
2146228102,donal doyle,male,White/European
2110723587,jose duato,male,White/European
1866249392,kurt lewin,male,White/European
217461061,noel m tichy,male,White/European
219814910,george karypis,male,White/European
2385629218,robert a hanneman,male,White/European
2080025652,robert s schick,male,White/European
2062670315,thomas a glass,male,White/European
2305273670,massimo franceschetti,male,White/European
2151119034,philipp weis,male,White/European
2067142896,stanley wasserman,male,White/European
2573908362,dorion sagan,male,White/European
2182464857,stephen uzzo,male,White/European
2101432548,peter sheridan dodds,male,White/European
1977040039,roy haggerty,male,White/European
1991290014,van j wedeen,male,White/European
2555314242,wmp wil van der aalst,male,White/European
2253963398,dean a shepherd,male,White/European
2227797470,eric pinson,male,White/European
710833904,jari saramaki,male,White/European
316925404,paul w beamish,male,White/European
233957955,eytan bakshy,male,White/European
2052065285,adrian e raftery,male,White/European
2698457840,andrew v goldberg,male,White/European
2663766651,gerald r salancik,male,White/European
2683407986,michel gondran,male,White/European
338287261,pierre vandergheynst,male,White/European
2573438450,michael dunlop young,male,White/European
2013253166,robin dunbar,male,White/European
2343374067,bernardo a huberman,male,White/European
2147406856,david b mcdonald,male,White/European
2706748973,v belevitch,male,White/European
2461116708,m f mcallister,male,White/European
2306222705,a v goltsev,male,White/European
2257997862,w t tutte,male,White/European
2102399848,ian wilkinson,male,White/European
2136431451,bryce boe,male,White/European
2921568659,derek l hansen,male,White/European
2139330692,james h fowler,male,White/European
1519201588,orjan g martinsen,male,White/European
2082974086,dennis e shasha,male,White/European
2096359564,gordon e grant,male,White/European
402941322,anthony r ingraffea,male,White/European
2462790998,michael a hogg,male,White/European
2051494220,raymond t sparrowe,male,White/European
2306111812,richard james,male,White/European
2133853112,jonathan l gross,male,White/European
2572081653,sveneric schelhorn,male,White/European
2420755856,eugene stanley,male,White/European
2134176519,laszlo lovasz,male,White/European
2068736320,bernhard o palson,male,White/European
2036959358,alan m frieze,male,White/European
145199858,julio m ottino,male,Hispanic/Latino
2131354393,regino criado,male,Hispanic/Latino
1207569220,charles j fombrun,male,Hispanic/Latino
2251165716,javier m buldu,male,Hispanic/Latino
2173375549,jordi soriano,male,Hispanic/Latino
2163986955,sergio gomez,male,Hispanic/Latino
1484540104,jerome barraquand,male,Hispanic/Latino
2036690967,lucas antiqueira,male,Hispanic/Latino
27815910,jordi garcia ojalvo,male,Hispanic/Latino
2168861045,luis concha,male,Hispanic/Latino
2120857029,luciano da fontoura costa,male,Hispanic/Latino
2892100850,tomas saraceno,male,Hispanic/Latino
2147903670,emilio ferrara,male,Hispanic/Latino
2163979423,ernesto estrada,male,Hispanic/Latino
2252189840,ricardo hausmann,male,Hispanic/Latino
2754191259,miguel romance,male,Hispanic/Latino
433716556,nieves velez de mendizabal,male,Hispanic/Latino
2139799211,osvaldo n oliveira,male,Hispanic/Latino
740693314,r llinas,male,Hispanic/Latino
2777005362,bruno goncalves,male,Hispanic/Latino
606963677,andres corradaemmanuel,male,Hispanic/Latino
2095945270,mario chavez,male,Hispanic/Latino
2630418089,cesar hidalgo,male,Hispanic/Latino
1993879894,tiago p peixoto,male,Hispanic/Latino
2946424798,luis concha,male,Hispanic/Latino
2122091782,paulino ribeiro villas boas,male,Hispanic/Latino
2189524569,deepayan chakrabarti,male,Indian Subcontinet
2152523866,bobby bhattacharjee,male,Indian Subcontinet
2146335907,charu c aggarwal,male,Indian Subcontinet
2119718318,rangaraj ramanujam,male,Indian Subcontinet
1987473140,balakrishnan krishnamurthy,male,Indian Subcontinet
2128657759,akbar zaheer,male,Indian Subcontinet
2888800379,narsingh deo,male,Indian Subcontinet
2076073623,murugesu sivapalan,male,Indian Subcontinet
2024718400,gautam ahuja,male,Indian Subcontinet
2059059345,ravi s achrol,male,Indian Subcontinet
2056937161,noshir contractor,male,Indian Subcontinet
2606864221,sumantra ghoshal,male,Indian Subcontinet
2636163417,ajay mehra,male,Indian Subcontinet
2136582299,anil k seth,male,Indian Subcontinet
2161062602,vipin kumar,male,Indian Subcontinet
2133515444,miodrag potkonjak,male,Indian Subcontinet
1982116827,krishna p gummadi,male,Indian Subcontinet
737083156,rajkumar buyya,male,Indian Subcontinet
2653199301,anant singh jain,male,Indian Subcontinet
2121998336,arvind narayanan,male,Indian Subcontinet
2222844223,jaydev p desai,male,Indian Subcontinet
2132327344,siddharth srivastava,male,Indian Subcontinet
2108719851,balaji prabhakar,male,Indian Subcontinet
2202379316,sheik meeran,male,Indian Subcontinet
2160677743,arpita ghosh,male,Indian Subcontinet
2137361932,viral b shah,male,Indian Subcontinet
2577876495,ravi kumar,male,Indian Subcontinet
2008277149,aditya grover,male,Indian Subcontinet
1996244690,naveen garg,male,Indian Subcontinet
2025344509,marimuthu palaniswami,male,Indian Subcontinet
2943535934,paul almeida,male,Indian Subcontinet
2038968579,jayavardhana gubbi,male,Indian Subcontinet
2173329291,samrat bhattacharjee,male,Indian Subcontinet
2648357322,u s r murty,male,Indian Subcontinet
2255663429,ajit singh,male,Indian Subcontinet
2155470367,devavrat shah,male,Indian Subcontinet
2024941725,krishna p n puttaswamy,male,Indian Subcontinet
2511378051,nitin nohria,male,Indian Subcontinet
2134612317,vijay kumar,male,Indian Subcontinet
2236981363,ranjay gulati,male,Indian Subcontinet
2686317356,arvind parkhe,male,Indian Subcontinet
2079810293,soundar r t kumara,male,Indian Subcontinet
2136556746,jitendra malik,male,Indian Subcontinet
2041147275,jonathan s yedidia,male,Indian Subcontinet
2072553995,rahul c basole,male,Indian Subcontinet
2059565384,akshay java,male,Indian Subcontinet
2070393103,narsingh deo,male,Indian Subcontinet
207394754,pitu b mirchandani,male,Indian Subcontinet
2100243203,sunil k narang,male,Indian Subcontinet
2098642314,mani b srivastava,male,Indian Subcontinet
2132748766,sanjay lall,male,Indian Subcontinet
2632642281,weixia huang,female,East Asian
2191828109,sue b moon,female,East Asian
2005707679,alice x zheng,female,East Asian
2686795201,linyuan lu,female,East Asian
2076752233,amy wesolowski,female,East Asian
2101274274,meeyoung cha,female,East Asian
2092142020,ha hoang,female,East Asian
2644398102,sue moon,female,East Asian
2135604693,mingrui xia,female,East Asian
2649179961,chenxi wang,female,East Asian
2974365595,alice x zheng,female,East Asian
2136527817,yusoon kim,female,East Asian
2969637364,hyejin youn,female,East Asian
2120090010,linyuan lu,female,East Asian
2161065209,ying ding,female,East Asian
2234458706,tingting yan,female,East Asian
2060953334,tina w wey,female,East Asian
2925179156,belle l tseng,female,East Asian
2429767861,ning yu,female,East Asian
2145026360,fan r k chung,female,East Asian
2118618513,katherine c chen,female,East Asian
2161853255,jennifer jie xu,female,East Asian
2776115544,kazumi saito,female,East Asian
2121230662,shawndra hill,female,Black/African
1205892337,natali gulbahce,female,Middle Eastern
218538652,tina eliassirad,female,Middle Eastern
278189939,asuman ozdagler,female,Middle Eastern
2033660646,leila cammoun,female,Middle Eastern
270906047,farinaz koushanfar,female,Middle Eastern
2139100149,leila haddad,female,Middle Eastern
1891574053,duygu balcan,female,Middle Eastern
2151743448,eva sorensen,female,White/European
2156637604,caroline s wagner,female,White/European
2119753155,alessandra sala,female,White/European
187159368,anne bollingtoft,female,White/European
2144042109,yvonne rogers,female,White/European
2149311860,johanna mair,female,White/European
66946524,olga veksler,female,White/European
2060320685,cynthia e coburn,female,White/European
2159504853,ginestra bianconi,female,White/European
670945504,kathleen d vohs,female,White/European
2113385850,brooke foucault welles,female,White/European
2117312975,eleanor a power,female,White/European
2601842890,jennifer e smith,female,White/European
2809829099,louise young,female,White/European
2154819360,allison m ryan,female,White/European
2104824474,helen sharp,female,White/European
2105050551,jenny preece,female,White/European
2019216634,caroline haythornthwaite,female,White/European
2143783256,katy borner,female,White/European
1950300814,bernadette c m van wijk,female,White/European
2974632880,andrea larson,female,White/European
2557945575,emma k towlson,female,White/European
2345879070,janina i schweiger,female,White/European
2944525611,allison m ryan,female,White/European
2102982684,danielle s bassett,female,White/European
2171073292,anne claude gavin,female,White/European
2235062127,nancy katz,female,White/European
2339985195,evelien otte,female,White/European
2061781787,jennifer golbeck,female,White/European
1184420917,marta salespadro,female,White/European
2056009282,puck rombach,female,White/European
2956168090,lois ann scheidt,female,White/European
2083079297,catherine lebel,female,White/European
250223615,jennifer h fewell,female,White/European
2052041758,annalee saxenian,female,White/European
2151585314,monique laurent,female,White/European
2140363637,dorothea wagner,female,White/European
2119168297,susan c herring,female,White/European
2630289589,sharon georgianna,female,White/European
2785860123,sherry turkle,female,White/European
2118005973,jessica l saltz,female,White/European
2113885942,miriah meyer,female,White/European
388119112,cecilia mascolo,female,White/European
1266678505,s c ponten,female,White/European
2509077533,noa pinterwollman,female,White/European
2937005597,andrea larson,female,White/European
2191844773,anna goldenberg,female,White/European
164473498,janet w salaff,female,White/European
93535942,dorothy l espelage,female,White/European
2932957858,natasa przulj,female,White/European
2139621922,stefania vitali,female,White/European
2423057781,linda brewster stearns,female,White/European
1785394198,teresa e seeman,female,White/European
2130748344,candace jones,female,White/European
2227171322,michelle girvan,female,White/European
2810439195,candace jones,female,White/European
2318210953,a martinez,female,White/European
2200884961,alessia sammarra,female,White/European
2161268947,susanne erk,female,White/European
2109643624,katherine j klein,female,White/European
2776564969,robin j mermelstein,female,White/European
2160541616,cathy l mcevoy,female,White/European
2130548382,jasmine novak,female,White/European
2098520675,kathleen m carley,female,White/European
2691647209,nathalie del vecchio,female,White/European
2022641365,charlotta windahl,female,White/European
1984940772,lise getoor,female,White/European
2104642085,zippy erlich,female,White/European
2153126677,jennifer a dunne,female,White/European
1974990196,katherine faust,female,White/European
2655216374,ma angeles serrano,female,White/European
2012842650,ellen bratslavsky,female,White/European
2634438002,karen stephenson,female,White/European
2632503779,camille roth,female,White/European
1964004681,kimberly lochner,female,White/European
1974797687,alessandra griffa,female,White/European
2345687710,lada a adamic,female,White/European
2307118047,philippa pattison,female,White/European
2121499988,victoria a johnson,female,White/European
2220165269,roberta sinatra,female,White/European
1993302424,lois ann scheidt,female,White/European
190349376,sophie achard,female,White/European
2167878756,jennifer lin russell,female,White/European
1970321164,p ellen grant,female,White/European
2103617360,j carlson,female,White/European
2618512225,maria blettner,female,White/European
2058920214,elizabeth a hobson,female,White/European
2062335265,mary rogers gillmore,female,White/European
2686631399,julie thompson klein,female,White/European
2655158390,naama barkai,female,White/European
2683108562,susan t ennett,female,White/European
2167764923,lauren ancel meyers,female,White/European
2071262509,nicole b ellison,female,White/European
2104792438,alejandra martinez,female,White/European
2275925217,reka albert,female,White/European
225331936,holly arrow,female,White/European
1917576417,kathryn pavlovich,female,White/European
147526709,tamas nepusz,female,White/European
2009277913,eva tardos,female,White/European
1707147546,lynn smithlovin,female,White/European
2137656347,laura garton,female,White/European
2101313979,yvonne aberg,female,White/European
2168688135,debora donato,female,White/European
2124572662,jennifer neville,female,White/European
2160125451,melanie mitchell,female,White/European
2343985277,ada m lindsey,female,White/European
1957442314,aviva geva,female,White/European
1837768759,elena zheleva,female,White/European
155792420,catrin finkenauer,female,White/European
2021736417,jennifer t chayes,female,White/European
1995219458,brenda mccowan,female,White/European
342346400,krista j gile,female,White/European
2699643475,e c w van straaten,female,White/European
2631401453,elisa giuliani,female,White/European
2254816924,rachael r henkel,female,White/European
2054729031,ellen bicknell,female,White/European
2301977394,pam dibona,female,White/European
2103603712,lisa f berkman,female,White/European
2192357399,maryam alavi,female,White/European
2195215812,christina prell,female,White/European
1280336966,danuta m skowronski,female,White/European
2975425112,jesica c flack,female,White/European
2033042772,aura reggiani,female,White/European
2210283206,emilie marie hafnerburton,female,White/European
2121794025,emily s minor,female,White/European
2152507894,sarah m dunn,female,White/European
119633740,julianne holtlunstad,female,White/European
2474881419,elizabeth leicht,female,White/European
1996151347,micheline kamber,female,White/European
2046525691,airlie chapman,female,White/European
2923857835,deborah a kashy,female,White/European
2974437220,m blettner,female,White/European
2132387760,christine kiss,female,White/European
1768890549,vittoria colizza,female,White/European
77352129,inna kouper,female,White/European
2031433790,karen s cook,female,White/European
2149625712,kristina lerman,female,White/European
216889400,andrea avenakoenigsberger,female,White/European
2155628784,ella m atkins,female,White/European
2164281919,melissa k holt,female,White/European
2653049831,elizabeth freeman,female,White/European
2073696130,anat barnir,female,White/European
2039358887,nina romanczukseiferth,female,White/European
2068860363,ellen w zegura,female,White/European
2925269193,deborah a kashy,female,White/European
240570879,deborah prothrowstith,female,White/European
2241289798,claudia wagner,female,White/European
2026708256,aino halinen,female,White/European
1970157954,heike tost,female,White/European
2718955494,penelope hawe,female,White/European
2174918546,virginia l carrieri,female,White/European
2105078279,nicolette lakemond,female,White/European
2695496630,jane s norbeck,female,White/European
2035033153,amanda j broderick,female,White/European
694899184,margaret c etter,female,White/European
2557174447,elizabeth costenbader,female,White/European
1970996731,chiara poletto,female,White/European
2149064801,danah boyd,female,White/European
1987126337,nicole coviello,female,White/European
2153634740,teresa nelson,female,White/European
1981394464,bernice a pescosolido,female,White/European
2119369234,therese riley,female,White/European
2343649731,sandra gonzalezbailon,female,Hispanic/Latino
2648312118,irene sendina nadal,female,Hispanic/Latino
2300379561,alexandra marin,female,Hispanic/Latino
2277322729,marta c gonzalez,female,Hispanic/Latino
2936310005,arpita ghosh,female,Indian Subcontinet
2111901679,rumi ghosh,female,Indian Subcontinet
2917285912,deepa narayan,female,Indian Subcontinet
2138309519,shermin de silva,female,Indian Subcontinet
2081555490,usha nandini raghavan,female,Indian Subcontinet
2156647386,raissa m dsouza,female,Indian Subcontinet
2233085243,manju k ahuja,female,Indian Subcontinet
